userName,score,content,at,replyContent
Wan Nawan,5,game bagus,2026-01-06 12:28:19,
Aira Salsabila,5,gamenya bagus sih tapi sering keluar dari gameyan bangus ya tapi tolong ya di perbaiki 😓 🙏🏻,2026-01-06 12:26:00,
Yati,1,game babi,2026-01-06 12:23:24,
Akun Nebar,5,game nya seru banget😆,2026-01-06 12:22:35,
Made Nitiya,5,kasi sekin banyak dan karakter yang banyak,2026-01-06 12:22:29,
Adi Gantenk,5,Yunushn hurt Cancer,2026-01-06 12:21:41,
Iman Iman,5,Game bagus,2026-01-06 12:20:19,
AKUN BBS,1,"game sangat bagus dan juga player nya ramah-ramah __________________________________________________________________________________________________________________________________________________________________ ____________________________________________________________________________________________________________________________________MENDING HAPUS AJA, SAYA SUDAH BERMAIN DARI JAM 8 MALAM SAMPAI PAGI DAN BINTANG SAYA TIDAK BERTAMBAH SATU PUN, KAMI SAYANG MOONTON, MOONTON GAK SAYANG KAMI.",2026-01-06 12:20:04,
Dia Umami,5,monton kasih lah skin legend gratis kalo gak aku kasih rating bintang 1 tapi jangan susah misi nya,2026-01-06 12:19:55,
dirman,1,"moonton tolong lah kalo ada player yang mpv saat kalah bintang nya jangan di kurangi, kita tuh cape main bagus tapi kalah karena tim kita mati terus, tolonglah hargai player yang mainnya bagus",2026-01-06 12:19:31,
Gabisa Fingter,2,tim ku kenapa bot semua kalo musuh nya jago tolong benerin ini dimana letak keadilannya,2026-01-06 12:14:28,
Ropiqq Ainurr,5,monton drak sistem gue kasih bintang 5 biar paling atas,2026-01-06 12:13:55,
Kakaa 7,5,"gamenya seru, playernya ramah ramah🥰",2026-01-06 12:13:38,
Zein Asaka,5,"game mobile legends adalah game yg tidak memiliki keadilan 1%pun, dimana letak keadilan nya? ada tim pertandingan! sekarang ml ini sistem nya sudah ngacak, dimana tier rendah disatukan dengan tier yg lebih tinggi, apalagi di setiap pertandingan tim yg kuat selalu berada di pihak musuh, jika bermain solo, satu atau dua di tim kita tidak bisa bermain, sementara di tim musuh bermain dengan sempurna, jika party, tim kita bisa bermain, tapi tim musuh lebih bisa bermain! game pembuat stres",2026-01-06 12:13:38,
robin hod,3,monton ini gimana sih aku kan afk tapi di awal doang dan itu juga karena lag tapi aku malah di kenakan hukuman,2026-01-06 12:13:20,
Andin Aulia,1,"saya sudah main game ini dari s4 dan sudah ganti akun lebih dari satu, tapi keadilan match making di game ini tidak pernah adil, saya bermain solo tapi ketemu orang party, sama saja bohong, dan terkadang dapat tim boot saat solo yang sengaja bertujuan supaya kalah game play nya keliatan banget bahwa itu boot, dan terkadang tiba tiba crazy saat war padahal device saya sudah upgrate, kalo terus terusan begini mending pindah aja ke game sebelah😡",2026-01-06 12:12:44,
Ramz Volly,1,lu moonton anjg banget ngasi tim dark sistem semua anjg moonton anjg mending gua pensi aja anjg,2026-01-06 12:10:26,
Nur Khasanah,1,game rusak,2026-01-06 12:09:38,
Muhammad AnshariRahman,4,game ini sangat seru apalagi main bareng sama teman,2026-01-06 12:08:47,
Aki 23,5,game nya seru,2026-01-06 12:06:26,
Rahul Ahmad,5,sangat menagihkan saat main,2026-01-06 12:06:25,
NAKAM MAKAN,1,ngeleg,2026-01-06 12:06:15,
Micki Laka pereirra,5,Saya menkuai nya hanya Ita Saaa,2026-01-06 12:06:05,
lusi anah,1,game tolol...game isinya sistem darksistem...game jemboood,2026-01-06 12:05:46,
Dimas Drajat,1,game busuk rank nya ga naik naik,2026-01-06 12:05:06,
rezha boy,5,suka banget,2026-01-06 12:04:01,
ziya stecuu.,1,"knp klo push tim suka kebagian troll, sementara musuh pd jago, mvp kalah juga tetep suka turun bintang..",2026-01-06 12:03:58,
Wildan Prayoga,5,game inih khusus orang - orang kuat mental nya jadi bagi Luh yang gak kuat mental Luh jangan ngasih ulasan yang gak bener,2026-01-06 12:03:36,
Ali Firman,4,"Seru sih tetapi sistem belum sepenuhnya bisa membaca lawan yg sepadan,,,sering kena draksistem monton dan untuk naik level sangat sulit",2026-01-06 12:00:54,
Bendetta Xgacor,5,Game sudah bagus tapi kurangnya kalau mau ganti akun harus punya fb meta kalau pakek fb lite gk bisa ganti akun tolong lah mobtoon,2026-01-06 11:58:40,
Riski Maulana,1,kalah Mulu main ni game,2026-01-06 11:58:37,
Sudes Karom,1,"Tolong lahh kasih tim solo sama solo jangan solo ketemu trio di musuh dan duo di tim masa solo ketemunya trio musuh Mabar sama duo sedangkan lagi main solo, game no rekomendasi karena sistem drafnya masih kurang sering banget di kasih temen bot musuh nya player beneran aneh nihh.",2026-01-06 11:56:22,
Angga Saputra,5,sangat puas,2026-01-06 11:53:13,
Warpath1 Warpath,5,"min adain sistem leader di setiap match classic,rank, dan mro",2026-01-06 11:48:13,
Tedi Kuswara,5,monton kambing,2026-01-06 11:46:02,
Sulis Tiowati,1,game jahanam dapet tim yg kagak bisa maen sama sekali season ini nyiksa bgt buat player solo kocak,2026-01-06 11:45:08,
Srisulis Tyowati,1,Aku kasi bintang 1 karna aku nontan orang kasih tau gem ini berbahaya,2026-01-06 11:44:21,
Arnaldo Lay,5,Arnaldu,2026-01-06 11:43:22,
Fikri Gty04,2,cape bangett gw min main ml nyarri hiburan mlah makin setresss,2026-01-06 11:41:50,
Thoyib Arbani,5,monton pas kamu mau update tapi versi sepak bola,2026-01-06 11:37:16,
Mif Aje,1,"sistem mactmaching nya makin buruk aja disolo masak timku ful mawi musuh honor ma glory gg game gajelass, bukanya diperbaiki malah makin parah ma yang dulu",2026-01-06 11:36:55,
raka deniz,1,"moonton emang gitu deh,ke player baru aja dikasih losetreak,pokoknya jangan main ml kalau mood lu gak baik",2026-01-06 11:36:21,
Septriano Ramadhan,1,"kalo ga niat bikin game apus aja dah, gw main malah di kasih tim komputer sekalian be admin aj yg main",2026-01-06 11:35:50,
Faisal Putri,3,saya suka karekter dan keresepitas dari monton tapi kalo main agak geleng itu saya tidak suka,2026-01-06 11:35:02,
ahmadhasfii HS,1,tim musuh jago giliran tim sendiri anomali,2026-01-06 11:34:13,
Putri Serina,1,Ga baguss solo di kasih ketemu trio hedeh,2026-01-06 11:34:09,
Karimatul Maula,5,saya suka game ini,2026-01-06 11:33:22,
Akun Sementara,5,cape wl wl mulu,2026-01-06 11:33:20,
Indah Nur,5,bagus saran saya mlbb bagi skin Hero mlbb dengan misi,2026-01-06 11:33:07,
Andrik Setyawan,1,"tolong lah min di perbaiki gamenya ga adil ga suport pemain solo, masa menang sekali kalah sekali trus bintang ga naik naik maaf ya saya kali rating bgni krna makin ksni makin buruk, dan msalah sinyal kadang mengganggu, intinya untuk player saat ini ingin naik sulit banget habis menang harusnya dpet tim bagus menang, knpa malah kalah lagi akhirnya stuck bintangnya di situ, dan saya ganti permainan MOBA min ganti yang lebih baik contohnya main honor of king enak tuu",2026-01-06 11:32:12,
RAOJY Sahputra,1,sekarang di tier legend sampe ke mytic kebanyakan plyer yang ga punya skill basic sesuai rank dan pilihan lawan serta tim tidak setara dengan skill asli moontton dark,2026-01-06 11:29:49,
Hanifa Yulianggraini,1,👍,2026-01-06 11:29:43,
Aisyah Nur,5,"seru bgtt, gk ngelag sama sekali dan gacor abiss",2026-01-06 11:29:00,
Alfi Hasna,2,"plis lah moonton tolong berikan tim yang seimbang, tadi saya main solo ketemu player duo Mulu yang berakhir saya ls di classic",2026-01-06 11:28:06,"Halo Kak,
Kami berkomitmen untuk menciptakan lingkungan permainan yang adil.
Terima kasih atas dukungan Kakak yang terus-menerus!
Hubungi kami CS in-game dan berikan lebih banyak feedback agar kami bisa membantu secepatnya.

Tim MLBB"
Panglima Kumbang,1,game setressss,2026-01-06 11:27:55,
ANDRI SI GANTENG,5,saya menyukai game ini,2026-01-06 11:26:57,
ricky Araby,1,loh balikin uang gua anjeng moonton gua doa ini game mati suri.. semoga player laen pindah ke hok.. game babi dikasih tim drak sistem menang sekali kalah 7 x ampun dah balikin uang gua balek,2026-01-06 11:26:50,
Romandhon Ilham,2,asik siii tapi kalo solo dapet draksistemulu gak seimbang mahu main 24 jam paling rengya cuman netap cuman ngabisin waktu hidup anjirr gem setan 😈,2026-01-06 11:26:18,
Khabil Maulana,1,game bagus,2026-01-06 11:25:14,
Chupacu,1,"moonton knl benerin sistem machmaking lu, gua dapet tim yang tidak adil semoga bermanfaat",2026-01-06 11:24:47,
Azriel,5,ok ok,2026-01-06 11:24:40,
Muhammad Ragel,5,jangan main ini game mending main hok game ini bikin stress,2026-01-06 11:24:21,
Awan Awan,1,masa main kalah 10 gimana to sistem na dapat tim goflok semua pantes orang banyak pindah ke honor of king,2026-01-06 11:24:10,
Skyl AjarinDong,5,"gem baik, tidak kikir seperti hokmok, sangat cocok bagi saya dan teman saya , menjadikan saya seorang yang bisa bermanfaat bagi orang lain, player sangat ramah, sistem matchmaching yang adil sungguh gem yang 😎👍",2026-01-06 11:21:38,
Muhkevin Kevin,5,aaaaaa game ya bagus anjay dan reset sisen aaaaaaaa epic tagi 🥰🥰🥰🥰🥰🥰🥰🥰,2026-01-06 11:21:00,
Muhridi 19,1,PERMAINAN KONYOL. GAME RUSAK TIDAK MENENANGKAN.!!,2026-01-06 11:20:35,
Saksi Ziya,5,geme gak lelet bagus,2026-01-06 11:19:54,
raka pratama,5,gemenya bagus banget.tapi ada satu masalah yaitu sering ngeleg ngeleg padahal jaringan bagus.tapi gapapa geme tetep seru ko,2026-01-06 11:18:56,
Jonni Jonni,5,ok,2026-01-06 11:18:07,
muhammad dilhamri,2,"moonton, tolong tindak lanjuti pemain terakhir yang sengaja tidak masuk saat matchmaking. tolong banned setidaknya 6 jam dalam sehari. karena umumnya banyak pemain dengan sengaja tidak masuk di slot terakhir, ini sangat merusak mood bermain. tolong tindak lanjuti, terimakasih",2026-01-06 11:17:52,
Aswien Astanto,4,"Asik banget, minusnya sewaktu-waktu jaringan tidak stabil dalam pertandingan. Lalu draw hadiah yang sangat kikir..",2026-01-06 11:17:33,
KP - Ugi Siswanto,5,game android tahun tidak pernah tahu apa itu tanya pak nyuun aku mau pergi ya gan bisa nampung aku tidak tahu bagaimana rasanya aku mau jadi aku tidak tahu apa yang penting dalam wi ya pak Edy Purwanto ya pak pak pak Harto ya gan ma dia irjejsj i want for Christmas tree oil gas and download music free download game android smartphone on ma aku mau keluar lagi pak pak Harto Tarigan ya gan ma aku tidak akan bisa lawan jenis kita bisa nampung 3 orang lain di luar rumah ku wiiw aku tidak bisa kesitu,2026-01-06 11:16:17,
Pribadi Traaml,1,game rusak anj mau login doang nge stuck di logo pdahal wifi gua nonton tt Ig yt semuanya lancar download juga lancar,2026-01-06 11:14:56,
Mikhayla Falisha,2,saat baru masuk pertandingan loadingnya lama banget trus ngelek banget padahal wifi kenceng,2026-01-06 11:13:15,
Peoek,5,"bang bang card gak pernah hoki,main rank ketemu dark system mantap + gak bisa sampai imortal",2026-01-06 11:12:37,
Rendo Bertian,1,"aku udah ga paham sama moonton, kenapa dikasih matchmaking rusak terus dapet tim gabener sedangkan musuh jago, seenggaknya kalo musuh jago di tim kita juga jago, seimbang jangan berat sebelah gini, harus adil!!",2026-01-06 11:12:14,
Den Kumel,5,"game nya sangatt seruuu ga bikinn emosii truss bikinnn jadii ceriaaa , game nya mantep wajibb download supayaa kembali ceriaa.",2026-01-06 11:09:40,
aqila naima,5,sangat bagus,2026-01-06 11:09:37,
Abizar Abizar,5,bagus,2026-01-06 11:07:40,
Raka Ramadan,1,Moonton Bagong,2026-01-06 11:06:50,
Anik V,5,game bagus,2026-01-06 11:06:18,
Gak Tau,4,game nya seru bisa recal recal,2026-01-06 11:05:34,
Fikram Fiki,5,iya sangat menantang 💪💪💪👊,2026-01-06 11:04:22,
Muhammad Rifqi,5,"mantep tapi saran. kalau ada Player cupu/ngetrol dapet coklat, bintang nya jangan di tambah lah ngentd",2026-01-06 11:03:02,
Kt Dika Mahendra,1,game terburuk yang pernah saya mainkan,2026-01-06 11:01:08,
Lancher X,1,developer kaya karena player spender membayar cheat bawaan dari monton jadi yang free to play jangan harap bisa menang dan pas match solo kalian akan ketemu player yang udah punya cheat bawaan.untuk yang fair play itu bohong gak ada itu . monton juga salah satu pemilik elite global jadi yang mau make cheat abal² gak bakalan bisa menang oke cmiuw,2026-01-06 10:59:52,
BoBoiBoy Menyelamat kan orang tua,1,gk pernah dapat tem yg benar benar main palingan dapet deraksistem kenapa lah monton sekarang benar benar nya lu monton sekarang gua akan laporkan ml ini 😡😡,2026-01-06 10:56:15,
ATTA VARIASI,1,NYESEL MAIN GAME INI!!! BAGAI MANA TIDAK SUSAH2 DI GLORY RESET SEASON JADI EPIC!! DAN HARUS 1 TIM DENGAN ASLI PENGHUNI EPIC!!! SEHINGGA UNTUK MENANG SANGAT MUSTAHIL!! MOHON DI BENAHI JANGAN BUAT BOSEN USER!!! REATING BINTANG 1 ADALAH YANG COCOK UNTUK APK INI!!!. SEASON INI RASANYA AKU SAYA SULIT UNTUK KELUAR DARI EPIC!!!,2026-01-06 10:55:49,
Reiza Tzy,1,game kikir plagiat,2026-01-06 10:55:31,
Royman Gulo,1,game kontol,2026-01-06 10:55:00,
Achmad Haidar Ali A,5,seru banget gak kalah seru sama fr*efi*re,2026-01-06 10:53:15,
Kencana fikri Ghifari,1,dikasi tim trol terus tiap mau naik pangkat,2026-01-06 10:52:43,
Muhammad Avian,1,setiap main solo dapat tim yang gak jago tapi dapat musuh yang jago semua,2026-01-06 10:51:58,
Guprid,1,game udh di seting kalah menang tim juga GK kompak giliran udh kalah banyak di kasi tim bagus kyk biar GK boleh pergi,2026-01-06 10:51:55,
a Yunista,5,game nya seru bagettt aku kasih bintang 5 ya☺,2026-01-06 10:51:19,
Made Indraguna,5,seru banget tapi untuk player pemula sangat sedikit skin gratisannya to olng skin gratisan lama di keluarin lagi,2026-01-06 10:50:41,
Yogi Aryanto,5,tolong min hapus drak sistem nya plisee,2026-01-06 10:50:15,
Yoga Dwi Rochmad Dani,1,game sangat rusak di bagian matmaking parah bisa bisanya solo nabrak party ...seson paling parah amit amit .. moonton kek lu EMG sengaja .. dri dlu gada perkembangan di mactmaking parah,2026-01-06 10:49:07,"Halo Kak,
kami berkomitmen untuk menciptakan lingkungan permainan yang adil.
Terima kasih atas dukungan Kakak yang terus-menerus!
Hubungi kami CS in-game dan berikan lebih banyak feedback agar kami bisa membantu secepatnya.

Tim MLBB"
Reta Reta,1,"makin lama makin gak benar aja ini game,tim ku dikasih bot Mulu, sedangkan lawannya player semua kan aneh.",2026-01-06 10:48:37,
Muhamad Fadil Pratama,1,"game gila , masalah nya di penentuan musuh dan tim , seharus nya game ini bisa memberi tim dan musuh yang seimbang , saya telah bermain game ini selama 3 jam dan bintang saya turun 12 bintang , mending honor of Kings!!!!!!!!!",2026-01-06 10:48:07,
Gede Radit,1,game ngentottt,2026-01-06 10:47:59,
Jayesthu Julianto Jakaria,1,"capek main, matchmakingnya ketemu player yang feed, afk, nda tw main.. hiatus dulu nnti mental rusak.. game nda pernah ada perubahan pdhl saya player lama dan suka beli skin..",2026-01-06 10:44:46,
Dungtaktak Dungtaktakdarbuk,5,seruuu,2026-01-06 10:42:06,
Funny Reaction,1,Game sampah,2026-01-06 10:41:22,
Muhammad Akmal radi,2,"Perasaan masalah lag nya makin menjadi-jadi? saya main selama seminggu lebih ini selalu saja mengalami lag dimanapun saya berada, terkadang lag nya parah sampai beberapa menit dan game saya freeze tak bisa bergerak, padahal jaringan sedang bagus. Dan masalah matchmaking yang semakin parah juga, itu mempersulit permainan, dengan di pertemukan nya player mantan rank tinggi dengan yang sama sekali belum menyentuh rank tinggi, itu membuat permainan menjadi semakin sangat sulit.",2026-01-06 10:40:46,
Zyroon. Re,1,ngasih team yg bener ajg lu,2026-01-06 10:39:46,
Muhammad Hafi,1,"Pls lah moonton perbaiki lag nya pas pake wifi lag mulu ping nya kuning terus, padahal buka sosmed lain lancar",2026-01-06 10:37:34,
Aprils Runs,1,Jujur sih nih game banyak bngt kekurangannya mending gk ush didownload dah nih game cuma buat ngadu nasib orng doang sumpah,2026-01-06 10:36:48,
Dabi Uresei,1,anjai badak,2026-01-06 10:35:49,
Rezsky Aditya,1,dari tadi gw di kasi tim tolo Mulu kntl liat apa njink 4 exp gw kntl mons knrln anjink² Pekem asu knp ga di hapus aja Hero Miya ga guna selalu aja ambil buff gw,2026-01-06 10:35:17,
10_20_I Kadek Dwipa Anantawikrama,1,jelek ampas,2026-01-06 10:35:06,
Mas Ipan,1,mulai sepi banyak drak system,2026-01-06 10:34:12,
Franko Watun,5,Game bagus bisa ngendok di dalam,2026-01-06 10:33:44,
Kuai• Liaπg,5,makasih moonton udah buat game yg bikin hidupku gak kesepian lagi,2026-01-06 10:33:42,
Yulia Hafifah,5,game ini sangat lah serudan menarik saya sangat menyukai game ini,2026-01-06 10:33:39,
Dimas Mustakim,1,Game buang buang waktu jelek kayak yang buat,2026-01-06 10:33:01,
Zhawawi,1,parasit handphone,2026-01-06 10:31:26,
Wildan Abdillah,1,game gak jelas timnya dikasih yg gak bisa main terus,2026-01-06 10:31:19,
Supryanto Panigoro,5,mantap ml sekarang gw uda IMO🤭,2026-01-06 10:29:26,
Ashwin Eko,1,"mohon untuk matchmaking lebih adil, berikan hukuman yang berat kepada player yang jelas jelas feeder baik dari sisi pengunaan item yang tidak sesuai pada hero atau player yang merugikan untuk teman setim dimatch tersebut.",2026-01-06 10:28:57,
Jar Jares,1,udah burik 8 bit udah kaku bisa nyieun gem te siateh,2026-01-06 10:26:07,
Hack Maxx,1,game tolol,2026-01-06 10:25:13,
Fei Safei,5,seruuu,2026-01-06 10:22:58,
Didin Doank,1,matchmaking yang semakin aneh & sangat jelek untuk pemain tolol.,2026-01-06 10:20:52,
rasya Faizin,5,Sangat lah seru permainan ini kalian wajib mainkan game ini nanti menyesal lho ngga kaya ff bau kaya gitu doang wkwkwkwk,2026-01-06 10:20:51,
Rizky Firmansyah,1,"E MOONTON. MENDING LU PERBAIKIN ITU SISTEM BUAT LAPORIN ORANG YANG NGETROLL,GA SESUAI LANE. MASA UDAH LAPORIN NGURANG NYA DIKIT KALI. DI BAN KEK APA KEK.",2026-01-06 10:19:19,
Teguh Islami,1,"game gak bermoral, kebanyakan bot sistem nggak recommended banget",2026-01-06 10:18:21,
BG Boy,5,plis dong kasih aku skin gratiss pengen main kek orang punya skin baguss tapi GK ada uang🥺 plis dong om monton🥺,2026-01-06 10:17:34,
Fauzi Fauzi,3,tolong dong kalau kasih tim yang agak bener dikit maen nya,2026-01-06 10:16:09,
EDI PRASETIYO,5,"Perbaiki para playernya, kaya HOK kalau bisa kebagi role nya",2026-01-06 10:15:38,
Ridho M,5,game ini bagus,2026-01-06 10:15:00,
Ret Mhi,5,game nya seru tapi kadang tim nya gak seimbang,2026-01-06 10:13:47,
sekaii ocepz,1,BISA KASI RATING -10 GA???????? ALGORITMA MATCHMAKING TOLOL SEKALI CUMA NGURUSIN SKIN,2026-01-06 10:13:31,
Silas Juan Fernando,4,Tolong ini dari sistem bisa gk di hapus karna gua yang udh kompe ama game play malah kalah gara gara tim dari sistem semua rank gua juga bisa imo malah mentok honor mulu plis muntun tolong hapus dari sistem nya elah,2026-01-06 10:12:16,
Rofi Kotul,4,seru banget,2026-01-06 10:11:27,
Harto Alexando,2,"kenapa sekarang susah banget buat login?. setelah membuka aplikasi dan sampailah di layar tampilan utama, sistem nya tidak bisa di jalankan (macet), tidak ada pergerakan apapun & di tap tap layar nya pun tidak ada respon sama sekali. hingga saya melakukan relog & mode airplane sampai beberapa kali pun tetap tidak ada respon sama sekali. padahal saya menggunakan jaringan Wi-fi & Data seluler. mohon untuk perbaikan nya.",2026-01-06 10:10:25,
Ihsan Fathul,5,pokoknya cobain de main ml pokoknya seru abizzz,2026-01-06 10:08:09,
Refan Refin,5,kenapa aku pas masuk kan udh di loby malah keluar lagi kenapa itu nonton,2026-01-06 10:08:09,
Radithya Adli,1,Lebih bagus dari ff,2026-01-06 10:07:34,
Yogz,1,monton anj korup bintang naik turun mulu di legend,2026-01-06 10:05:38,"Halo Kak,
Kami mohon maaf atas pengalaman kurang menyenangkan yang terjadi.
Bisa bantu kami dengan mengirimkan screenshot atau detail lebih lanjut lewat CS in-game?
Ini sangat membantu kami memperbaiki permainan.
Terima kasih!

Tim MLBB"
Imi Amang,2,"dapat musuh yang main bareng,,, dan saya solo",2026-01-06 10:04:20,
Ilham Ilham,5,i love you,2026-01-06 10:03:18,
Fadli Mubarok,5,game ga jelas sinyal bagus masa ga bisa pencet apa apa di game juga hijau sinyal masa pencet main rank aja kayak ga ada sinyal benerin tolol jangan update terus,2026-01-06 10:02:52,
Adrian Akbar,1,karena saya maen ini saya ketemu tim yg rank nya lebih tinggi dri pada saya MOONTON BABI,2026-01-06 10:02:51,
Arian Novita,5,saya angkat suka game ini,2026-01-06 10:02:31,
Naura Mazaya,5,game pertarungan epic,2026-01-06 10:01:44,
Raffael Adryan,2,cape aku moonton,2026-01-06 09:59:24,
Eko Eko,1,"tim gw bocil mentok legend, musuh title kota-prov tod tod",2026-01-06 09:57:40,
Asep Jordan,1,Temen gw dark system.,2026-01-06 09:55:56,
Mustaqim Rohil,1,game anj udah legend satu di kasi timdark sisem sengaja moonton EMG ga ada otak moonton dikira nya ga stres gendong tim anj moonton males gw main ml gw kasi ret 1 lu anj moonton biadap game anj mending yang sebelah aj main nya adil,2026-01-06 09:55:15,
Muhammad Rasya,1,moonton lol macht aja lama perbaiki game lu kntl,2026-01-06 09:53:58,
Ugum Sahidin,5,game nya bagus banget tapi kadang gk bisa mulai game,2026-01-06 09:52:36,
Saanz 93,1,Tim nyah di kasih yang cupu mulu,2026-01-06 09:50:55,
Cancio Guterres,1,main di game ini ketemu tim yg gajelas pada gk bisa main,2026-01-06 09:50:27,
Syah Rizal,2,gamenya asik losetreak aja,2026-01-06 09:48:57,
Yudha Catur,1,System matchmaking yg masih berantakan game busuk sepanjang sejarah dunia game!,2026-01-06 09:47:34,
andi rahman (Andi),1,tolong matchmaking di perbaiki. #bagusanHOK,2026-01-06 09:46:45,
Abdul Rahman,1,GAME NYA LEBIH PANTES JADI DEAD GAME AJA,2026-01-06 09:45:47,
Ratna Wati,1,"tolol banget moonton gak bener sinyal??? , musuh aja bisa Gak sinyal kok tim sendiri kita sinyal? apakah servers kebalik ya otak mu moonton kuropsi, Pecat , Darksystem , Admin Bot",2026-01-06 09:45:27,
Pengguna Google,1,"apaan game adil,boro2 adil,harusnya yg main solo d barengin yg solo jga,ini d kasih lawan maen yg tim,sejago2nya maen y kalah kl klh",2026-01-06 09:44:06,
Rasyid Alramziy,5,"maksih moonton telah memberi saya winstreak walaupun saya tetap nge stak di mitik Romawi, saya tetap berterimakasih",2026-01-06 09:43:08,
Irfan brokness,1,game idiot buat stres doang anj,2026-01-06 09:40:19,
Muhamad Aldi,5,nokomen soalnya bagus banget coyyy tapi tolong lah monton gangan kasih gua orang yang ga bisa main direnk badak tolong kasih lawan nya yang seumuran jadi ga gampang kalah tolong ya monton...,2026-01-06 09:38:28,
bunasan 999,5,Mobile Legends Adalah Game No 1 Di Dunia Ini Game Bagus Banyak Skin Banyak Event Apalagi Kalo Ada Event Aku selalu Bersemangat Untuk Bertanding Walau Kalah Menang Itu Tidak Masalah Yang Penting Kita Sudah Mencoba... Kalo Soal Sinyal Tolong Perbaiki Min. 🙏Karna Selalu Saat Maen Kita Selalu Leq Dan Tim Juga Kurang Seimbang Aku Berharap Tidak Ada Lagi Leq Di ML Semoga Mobile Legends Bisa Terus Sukses Kedepannya 👍👍👍🙏🙏🙏,2026-01-06 09:36:56,
Ali Abdillah Farhan,1,nyesel download udah main lawannya susah,2026-01-06 09:36:36,
cspr vilain,5,"Kenapa ML BB saya ga bisa login, kenapa bisa kena stuck di login awalnya? mohon di perjelaskan lagi",2026-01-06 09:34:28,
farly rotinsulu,1,"game gk jelas gk bagus gw udh glory malah turun ke mytic gk di kasih menang,mending hapus aja nih game cuman bikin emosi bikin dosa aja nih game.LOL",2026-01-06 09:32:55,
Fauzan Alviansyah,1,woi anj kasi ws lah gw naik turun mulu anj udh kek men judi gw tau ga,2026-01-06 09:31:48,
Angara Rani,5,"game nya bagus, seru kalo kamu jago kalo ga ya siap siap aja nanti kamu akan mendengar kata kata mutiara 🗿🗿",2026-01-06 09:31:22,
Nanz We,3,oii Moonton kalo kasih tim tuh yang bener lah masa dikasih Lane roam malah pake Hero mage kan kacau udah mah gold lane nya masa afk aduhh.,2026-01-06 09:30:49,
Rizal Umam,1,"game ampas, playernya kayak asuu",2026-01-06 09:25:39,
Ikbal Saputra,1,MOONTON BAGAI MANA INI SAYA KALAH TERUS GA KAYA TEMEN TEMEN SAYA MENANG TERUS INI PERMAINAN BIKIN SETRES BIKIN EMOSA DARI LEGEND 3 KALAH TERUS SAMPAIEGEND 5 INI BAGAI MANA MOONTON KALAO AKU LOSTREK TURS LAMA LAMA GUA HAOUS AJA INI GEM BIKIN SETRES DAN EMOSI AWAS KALAU KARAH TERUS GUA PENSI MAEN ML MIKIR LAH SEDIKIT ORENG PUN PUNYA PERESAAN,2026-01-06 09:24:46,
Acont to Discord,1,kalah terus udh 10x GK naik naik moonton jahanam,2026-01-06 09:24:43,
Trisno Redmi,5,bagus dah itu doang😁,2026-01-06 09:23:56,
Yusran Ocan,1,"setiyap main ngelek, padahal jaringn bagus, apa lgi pas masuk war tolong di perbaiki, emang game rusak pas war ngelk padahl jaringan bagus makin lama makin rusak ini game, padhal jaringn hijau tapi pas war gelk parah, kalo kyk gini trus mendig pindah game sebelah tolong lah di perbaiki",2026-01-06 09:22:39,
Epul Galon,1,game apalah udah 150 match kenapa masih epiccc 4udah party kalah mulu kenapa harus gua yang selalu dapat drak sistem montoon tolonglah hapus drak sistem monton kenapa harus gua yg slalu kalah game haramm game hama kredit skor nepi kabeak na di ripot wae tolol pliss adik adik kasih rate bintang 1 di google play store,2026-01-06 09:21:56,
Siti Hajar,1,Ini game sampah apa harus setiap main rank atau klasik harus ngeleg ya kredit skor gua turun sampai 65 dikarnakan gua gagerak dikarnakan ngeleg wifi bagus HP gua dingin bahkan gua harus hapus satu game gua plis perbiki dulu sebelum ngasih even kalo masih ga diperbaiki gua bakal pengsiun digem sampah ini mending gua main honor of king,2026-01-06 09:21:51,
Frefa Yerepep,1,jagan berharap menang di game ini 90%pasti kalah,2026-01-06 09:19:28,
bukan siapa siapa,1,GAME RUSAK!! STAK DILAYAR PADAHAL HP LONGGAR SINYAL BAGUSS,2026-01-06 09:17:46,
Azis Aja,1,gamenya nya sih bagus player nya tolong di hapus,2026-01-06 09:17:35,
Rahman Hidayat,1,ml udah berapa tahun . matcmaking masih aja kek kntol gka ada sama sekali keseimbangan dl game. pantes gede nya cuman d sea doank bhkn gw bisa d simpulkan ml klo indo sepi bangkrut mereka . bisa bisa nya glory maen solo setim ama GM aneh bgt anjinkk. najisss game kontoll matcmakimg kntol udah 9 thun masih aja tloll,2026-01-06 09:17:30,
STRAIGHT FAKE,1,kenapa akun ku tiba tiba ga ada suara hero di dalam game dan juga skin lawan dan kawan pas di draft pick semua skin kelihatan kenapa pas in game skin nya hilang,2026-01-06 09:16:02,
Atharya Rahka,5,gamenya udah Bagus tapi playernya tuh suka bikin emosi dan kadang pas di report suka gak masuk laporannya,2026-01-06 09:15:33,
Rangkang Rian,1,"Di penukaran Stardust skin yang ada aku sudah memilikinya semua jadi harus tukar apa lagi? padahal tinggal kumpulin 16 lagi aku bisa menukar skin legend,kembalikan yang sesuai lah,rugi duit top up,parah",2026-01-06 09:14:36,
Fauzan Ahyar,5,bikin stress tapi seru makanya jangqn kasih dark sistem lah moonton,2026-01-06 09:14:28,
Darkim Sumitro,5,ini adalah game seru,2026-01-06 09:14:03,
Penajam,1,bisa kah bang games ini drack sistem nya di kurangin bikin jengkel klo main solo pasti tim nya kaya bot sedang kan lawan kaya sonior smua tolonk bang drack sistem nya di kurangin,2026-01-06 09:12:37,
Yusuf Alfikri,1,"Ga di hp gua, ga di hp tmn2 gua skrg klo masuk ml harus matiiin lalu nyalain data, baru dia mau loading",2026-01-06 09:11:07,
rahmat mustapa,1,"game gajelas bikin gak mood main. lagi main tiba² lag jaringan merah padahal pas di coba di game lain bisa malah ini game doang yg gabisa dibuka, sengaja atau emang gak pengen dimainin?",2026-01-06 09:08:30,
Uju Pratama,1,game gak jelas udah rank tinggi masih setim sama bott,2026-01-06 09:08:14,
Anwar Sadad,5,geme nya seru banget,2026-01-06 09:03:16,
Haizsul ahkam,1,game haram sangat tidak adil perusak mental,2026-01-06 09:03:00,
A.K,2,Ping sinyal buruk banget padahal internet lancar jaya knp in game malah tiba tiba 200ms hero jalan sendiri ayo lah moonton tolong di fix yg kaya gini...,2026-01-06 08:59:49,"Halo Kak,
Kami berkomitmen untuk menciptakan lingkungan permainan yang adil.
Terima kasih atas dukungan Kakak yang terus-menerus!
Hubungi kami CS in-game dan berikan lebih banyak feedback agar kami bisa membantu secepatnya.

Tim MLBB"
Heldi Napatan,5,hilangkan dariksyistem,2026-01-06 08:57:49,
Andri Kusen,1,game ini memberikan dampak buruk kepada penggunanya dan untuk tidak dimainkan jangan mau di bodohi ini game...game tidak berguna sama sekali game bodoh dan tolol ini,2026-01-06 08:56:03,"Halo Kak,
Kami mohon maaf atas pengalaman kurang menyenangkan yang terjadi.
Bisa bantu kami dengan mengirimkan screenshot atau detail lebih lanjut lewat CS in-game?
Ini sangat membantu kami memperbaiki permainan.
Terima kasih!

Tim MLBB"
Haryati Only,1,bikin game yang bener jangan ada dark system gw stress,2026-01-06 08:55:43,
Primatur,5,seru + bagus,2026-01-06 08:54:59,
Reaky Kikyy,5,sangat seruuuu,2026-01-06 08:53:32,
Excell Natanael,1,MAKIN LAMA MAKIN ANEH SISTEM MATCH MATCHING GAME INI TIDAK ADA KESEIMBANGAN DALAM PEMBAGIAN TIM SISTEM CURANG BAGI PLAYER SOLO RANK GAME RUSAK,2026-01-06 08:53:19,
Dhimas Reyhan Asrillah,1,"mati aja lu kontol game hama anjing bangsat, tim gua dark sistem mulu tolol. gua dari legend 3 sampe turun legend 5 anjing gara gara lu moonton bangsat game yatim GAME ANJING",2026-01-06 08:52:25,
Nofri Oji,5,"Game nya bagus banget dari grafik, Gerakannya,rame,Hero Pada Keren semuaaaa",2026-01-06 08:50:48,
25-129_Lhardio Silitonga,1,"game gak adil, matchmaking bertemu dark system!!",2026-01-06 08:50:39,
Dewa narotama,1,gamenya sungguh jelek banyak bug di game play nya dan di server nya sering ngeleg padahal jaringan nya bagus,2026-01-06 08:50:38,
4reaper dipie,1,这是什么游戏？敌方队伍很强，我们自己队伍、系统都烂透了,2026-01-06 08:50:01,
Faturrmhmmd Aliakbarrbbi,1,"terlalu bikin depresi, mo berapa kali lagi kam bkin s kalah s su ls ini anjng",2026-01-06 08:46:49,
Elvin Sunata,1,"Game apa ini jaringan normal tapi lag, update terus tpi jaringan makin jelek aja, yang bikin kesel itu pas lagi war, lagi halan ke arah musuh pasti lag, tolonglah jangan sibuk update skin baru sama event2 lainnya tpi tolong jaringannya di perbaiki juga gw main dri season 2 jauh bngt beda jaringannya, soal update gw suka krna bnyk event menarik tpi jaringannya jga di perbaiki",2026-01-06 08:46:15,
Al Muallim,5,mantap,2026-01-06 08:44:30,
Satria Dora,5,saya senang bermain ML walaupun kadang sering senang dan marah tapi kalo tidak main ML saya akan kesepian :),2026-01-06 08:42:10,
Lulu Ruswandi,5,bagus banget gem nya,2026-01-06 08:40:31,
Ayzen 25,1,game nggak ada otak dapet tim goblokk trs lostrek 10 bego,2026-01-06 08:36:48,
フサインアミル アフザル,1,dear moonton!!!! mending lu perbaiki lagi matchmaking nya! gausah skin mulu yg di pikirin dah kikir matchmaking ampas!!!,2026-01-06 08:33:51,
Dyroth Only,1,game ta! tim gw selalu dikasih dark sistem giliran musuh malah dikasih tim bagus,2026-01-06 08:32:44,
soren,5,seru,2026-01-06 08:30:56,
Try Wulandari,1,tidak seru karna bagusan ff,2026-01-06 08:30:55,
Alwi Zaihan,1,g jelas ngasih musuh nya yg ngga imbang ml tolol siapa si yg buat mati aja lu bego,2026-01-06 08:29:18,
Raya rabbani,5,seru banget,2026-01-06 08:28:09,
Fadil Fadil,1,match sangat tidak seimbang,2026-01-06 08:26:39,
Muhamad Ali,1,game paling rusak yg pernah ada main 30 matk kalah terus dapet tim gak sesuai rank di trol terus penguna chiter banyak game apaan nih moonton binatang game apa lah ini moonton,2026-01-06 08:26:20,
Farhan,3,games apik,2026-01-06 08:25:18,
Ma Pari Heri,5,game favorit 😚🤍,2026-01-06 08:23:27,
Gilang Karim,5,permainan ini seru,2026-01-06 08:22:08,
Meowku,1,"game ga waras!!! server lo perbaiki kontl jangan lo perbanyak event ama skin!! duit player lo kuras tapi server kaga ada kemajuan sama sekali sering ngelag klo dimainin,, update tu server engine game kikir!!!",2026-01-06 08:21:44,
Devandra Kenzo,5,game ku rekomedasikan,2026-01-06 08:21:15,
Deni Wibawan,1,"game gajelas cape tiap hari emosi Mulu,yang harusnya bisa buat seneng malah sengsara",2026-01-06 08:19:44,
amir muzakki,1,"game yang sangat buruk, sinyal bagus tetapi tetap lag Mach making tidak stabil dan banyak kekurangan lainya game sampah",2026-01-06 08:16:06,
Lathef peko,5,game nya bagus tapi jadikan saya kolektor sultan😁,2026-01-06 08:15:38,
Prima Hanif,5,jooooss,2026-01-06 08:06:53,
Andreas David,5,"game MOBA bergenre RPG yang bagus, meskipun cukup sulit untuk pemula seperti saya, tapi saya senang dan menyukainya 👍🏻",2026-01-06 08:05:18,
Ayuni A,5,saya dan kaka sayA suka dengan game ini monton berilah kakak saya diamond,2026-01-06 08:04:46,
Muhammad Fatir,5,bagus banget,2026-01-06 08:02:19,
Fadli Farhan,1,game burik nda sesuai sama matcmatkingny,2026-01-06 07:58:37,
Varyl Panontongan,5,saya suka gamenya titik.,2026-01-06 07:57:24,
Adka Wiguna,5,"game ramah, game adil, game player lama ketemu player baru, sangat bisa menghilangkan stress, saya sangat senang, tp bhng",2026-01-06 07:57:17,
99_ayyub,5,baguss,2026-01-06 07:56:59,
mhmd farhan,1,Game penambah stres ini,2026-01-06 07:55:41,
Ghessa,1,"heh moonton tolong yaa ngasih tim tuh yg betul sikitt,depresi lohhh ls,barges memng klo ga tim ny oon ya musuh ny yg jago ny kek pro player,tolong lahh di betulin lgi,mo pensi tpi dh kebelik m7 barges memng kau ya menggoda aja",2026-01-06 07:54:32,
MOH. ARIEF KHOIRUN NIDHOM,1,"game matchmaking paling busuk di moba Asia, player solo selalu dpt musuh trio/duo dan sedangkan kita mabar sama temen dpt musuh solo kan tidak adil banget matchmaking ml, Gw sebagai player solo & player party sangat kecewa berat sama matchmaking moonton",2026-01-06 07:54:27,
Akun Lithmach,2,"game rusak,jaringan ku bagus bisa""nya ngelag,mana ngelag pas war lagi,PUBG aja yg lebih berat lancar"" aja sinyalku.",2026-01-06 07:51:23,
Adriell Ell,1,GAME UDAH BAGUS TAPI MALAH KETEMU TIM YANG SOLO SEDANGKAN MUSUHNYA JAGO KALI JADI MOHON DIKASIH TIN YANG BAGUS DAN LAWAN YANG ADIL KALAU TIDAK MAU NURUT KITA HAPUS ML AJA TIDAK USAH MAIN,2026-01-06 07:50:29,
Abdul Kodirjaelani,1,gajelas game nya di kasih dark sistem. mulu hoblok lah,2026-01-06 07:48:54,
Arsakha Nalendra,4,Kebanyakan bug,2026-01-06 07:45:49,
Watnari Genjo,1,game tolol udah ketebak kalo main solo bakal menang kapan kalah kapan,2026-01-06 07:39:07,
Bang Ahmad Yt,1,Tolong diperbaiki sistem mu ya monton babi masa pas mau masuk game stak loading Sampek afk giliran masuk jaringan bagus jalan pun susah mmng parah lh sistem kau ini tolong ya kmi sebagai player moba merasa kecewa dengan semua ini TTD dari player yg udh muak dengan sistem montod sistem kontolddd,2026-01-06 07:38:04,
herru nakal,5,game bagus tapi mohon tambahkan skin zetian☺️,2026-01-06 07:35:50,
Salsa Syabilah,4,kangen ml yang dulu,2026-01-06 07:31:42,
Ismawan Guanbo,5,Good Game,2026-01-06 07:31:35,
FQRI SALSANBILAH,5,game nya bagus,2026-01-06 07:26:43,
Lalu alpiandra Alpi,5,kereeen,2026-01-06 07:23:28,
Fatan JAPAR,3,sudah bagus dari segi apapun tetapi mohon untuk dark sistem tolong di musnahkan saya ls 15 kali,2026-01-06 07:16:20,
Dedi Mulyana,1,Weh ml coba hapus orang yang toxic,2026-01-06 07:15:23,
Eti Hayati,4,Sistem nol dark sistem Mulu game doang bagus tapi pake dark sistem,2026-01-06 07:13:03,
Ibu Kasturi,1,tolol aku tahu kamu pintar dan sukses gak segitu nya juga ngomong last game kalah,2026-01-06 07:09:23,
Dani Yudistira,1,kartun!?,2026-01-06 07:09:05,
Desta Wijaya kusuma,1,"makin kesini ml malah makin aneh ya,katanya mau ngasih permainan yang adil tapi kok sistem match making nya malah ga jelas,gua solo kadang ketemu parti atau trio,trus juga baru kejadian kemaren,tim gua sistem ml/bot ml pliss benahi lagi,jangan yang lu pikirin duit duit duit sistem dibiarin ancur",2026-01-06 07:08:30,
Beni Adam,5,rame banget game nya dapat meningkatkan mood,2026-01-06 07:05:23,
Muhammad Gibran,1,game apa ini di kasih tim gak jelas sistem konyol di kasih tim yang gak tau main moonton 🐕,2026-01-06 07:04:52,
WILLIE SALIM,5,gem ini luar biasa,2026-01-06 07:03:59,
Gis Mil,5,Seruuuuuuuuuuuu,2026-01-06 06:58:06,
Prabu Rama,5,"game nya bagus seru bisa main bareng teman , cuman yang jadi masalah nya , DRAK SISTEM nya itu loh nyebelin banget.bahkan mvp berkali kali , gak naik gak turun , tolong dikurangi yang begitu an nya ya 🙂‍↕️",2026-01-06 06:57:29,
Rizky Maulana Yusuf,1,monton ngentod semoga rugi,2026-01-06 06:55:30,
Turi Nip Nip,1,Game tolol,2026-01-06 06:55:09,
queen sa,1,"Ping ijo tapi lag, yg bnr aja",2026-01-06 06:54:57,
Muhammad Nafiz,1,banyak drak system jangan maen ni game,2026-01-06 06:51:54,
Safa,5,seru,2026-01-06 06:48:20,
dompet bola,3,untuk sekarang mulai menurun karna seringkali bertemu bot dan dark system,2026-01-06 06:47:16,
Mutakhir Akbar Al Baihaqi,1,Banyak dark system.,2026-01-06 06:44:19,
Rafi septiyansyah,4,"seru banget game nya menantang apalagi pas di legend, di game moba lain ga ada yang namanya 1 vs 9 , pokonya seru deh",2026-01-06 06:40:52,
Dede Alfian,1,Maaf moonton saya kasih bintang 1 dikarenakan di mactmaking clasik aja dikasih musuh yang sangat jago tidak seimbang dengan skill saya. Percuma juga saya koleksi skin di game ini tapi lawan tidak seimbang mohon diperbaiki sesuai statistik player,2026-01-06 06:39:06,
Rista Ela,1,Sangat tidak adil bagi player solo kayak saya saya tier mytic pangkat paling tinggi 150 masa iya ketemu random mytic abadi pengalaman nya gak adil sedangkan lawan mantan imortal semua glory 80-90-70 sedangkan tim random solo saya mytic 14-legend abadi kan aneh ga adil gk ada pengalaman main sama saya yg sering imortal,2026-01-06 06:34:25,
ngombol 2004,1,s39 makin hancur main solo dapat timkomputer cuma muter muter doang benerin dulu kon,2026-01-06 06:33:27,
Wahyu dien,1,kepada mobile legends bang bang saya ingin bicara ini saya main solo ketemu nya tim draksistem mulu loh kenapa padahal tim saya sama tim musuh itu jauh loh perbedaan nya kalo tim saya trol mulu kalo tim musuh jago jago tolong kalo kasih tim itu yang setara gitu lagian juga kalo tenk ada yang mvp di laporin berarti itu tenk nya mau mvp doank jadi jangan sek olah olah yang mvp itu jago mkn nya lihat lagi lah pusing aku dari tadi mlm jam 10 sampe sekarang mana ada menang kalah mulu isi timnya trol,2026-01-06 06:33:18,
Even De Arya Yuka Tanalo,5,"moonton baik, tolong donk kalo ngasih servernya yang agak bener dikit dong saya udh ls 10 kali gara gara seteam negara antah berantah kembar pula tuh negara, main solo sampe stres",2026-01-06 06:31:04,
Marsel Irawan,5,game paling seru,2026-01-06 06:26:43,
muhammad habibi,1,"jangan d download apusss ajaa gamee ini makin gak jelass aja ngasih tim ,minimal klo yg mvp mmr ama bntang jgn d turnin lahh ,ini udah ksih tim tolol ,klo kasih tim yg sesuai high tier nya ama kitaa,pertandingannya jga d sesuainn lahhh mohon d perbaikin",2026-01-06 06:26:19,
Dhafa,5,walau di early game gk jago yang penting menang,2026-01-06 06:22:36,
Angmung20 Gaming,1,game anjingg setim sama darksisten Mulu,2026-01-06 06:20:44,
Arzani Zero,5,"Seru, aku selalu mabar bareng teman ku",2026-01-06 06:18:08,
Konoha,1,"matchmaking sampah dapet tim poke game cacat,cuma bisa ngerugiin solo player",2026-01-06 06:09:49,
Ahmad Fauzan,5,bagus banget grapiknya,2026-01-06 06:09:07,
Rara Ratri,1,"mikir lah ajc matchmaking lu benerin, bisa bisanya glory lu ketemuin sama lejen dimana otaknya",2026-01-06 06:08:12,
junior eka,5,game nya seru jadi saya kasih bintang 5 👍🏻,2026-01-06 06:07:42,
saripanur_ NSA,1,season 39 hancur parah. matchmaking tidak adil,2026-01-06 05:59:28,
Nisa Naren,1,permainan tidak kompetitif,2026-01-06 05:56:24,
alfa rizqi,5,aku suka moonton,2026-01-06 05:55:10,
Amad,1,matchmaking ampas,2026-01-06 05:48:43,
Repan Fauzan Adima,1,"Game rusak sering ngasih dark system , sinyal suka lag padhal pake wifi data juga emng game tolol",2026-01-06 05:46:56,
Yohanes Paulus,5,sangat keren game nya,2026-01-06 05:43:59,
Zaid Sarjono,1,aplikasi terburuk,2026-01-06 05:39:22,
Ninda,5,🥰,2026-01-06 05:34:41,
PRESIDEN MARS,4,setiap mau legend pasti di kalahin padahal lagi win streak.,2026-01-06 05:32:44,
Azka bintang Maulana,1,pelit dan mengasih tim bot,2026-01-06 05:30:53,
gentara,1,"game ruksak, benerin, kebanyakan ngasih tim computer",2026-01-06 05:30:53,
Abdillah dzakir,5,bagus,2026-01-06 05:28:56,
Sudar Sono,5,terbaik,2026-01-06 05:27:59,
Sawaun,5,sangat seru,2026-01-06 05:27:27,
Agus Angga,1,soal nya kalah mulu makanya ku reting bintang satu,2026-01-06 05:27:17,
fong sayub,1,game bangsat picek asu main game 100kalah kokk menang pisan asu picekkk mataem bangsat,2026-01-06 05:26:39,
Khoirul Anam,4,untuk jaringan masih kurang baik,2026-01-06 05:26:00,
Wahyu Sitnggang,1,"moonton pilih kasih ke player, sistem ny sudah diatur, player yang jarang top up itu seringkali di beri jaringan lag pada saat bermain agar kalah, ini tidak adil saya saya akan menghapus game ini",2026-01-06 05:20:17,
vermeil chan,1,saya mohon untuk keseimbangan match agar lebih baik :),2026-01-06 05:14:53,
Raranabila nabila,5,bagus,2026-01-06 05:12:43,
Amat Aja,5,mantap tapi persedikitlah dark sistem nya,2026-01-06 05:05:04,
Alka toni,5,game gw ini yee,2026-01-06 05:03:04,
Yamanda Anggra,1,"aku udah archmage 6, tapi slalu di kasih tim troll, ga naik naik pun ke milik, wkwk, lucu monton, pindah game aja lah",2026-01-06 05:02:26,
Zavren Kiwkiw,5,saya suka game play nya,2026-01-06 05:02:12,
Adi Riyanto,3,ini game aku kenapa ya kok skil3 nya kadang error mohon bantuannya yaa,2026-01-06 05:01:24,
Usman Setiawan,1,"game kebanyakan dark sistemnya,gw solo Nemu trio manhn musuh party gk jls kintil",2026-01-06 04:57:24,
Palmira Barros Mendonca,5,aku tiba bi sa masuk di ranket 😓😞,2026-01-06 04:56:36,
Irfan Marolla,1,"stelah update makin parah ni,pink merah Mulu, MCGG gk Msalah tu jringan nya, giliran ni game makin longor stelah update",2026-01-06 04:53:44,
3putra saputra,5,seruh bet,2026-01-06 04:49:17,
STOK REPER V300,1,"heii ini surat dari sekelompok orang monton jngan buat skin bnyk"" klo jlek buatlah skin paquito sama alucard ataupun granger hbis ini bintang 5",2026-01-06 04:43:47,
Muhammad Argus,1,Game Kontolll...,2026-01-06 04:43:35,
Candra Sinatra,1,matchmaking makin parah maen lama bintang stuck mulu dapet tim ga bisa maen mulu cape,2026-01-06 04:42:25,
andiw Aditya,4,system mactmaking makin buruk 👎👎 game sampah,2026-01-06 04:40:17,
Joko Sulistyo,1,"moonton game ngrusak mental, game haram, main Berjam jam gak nambah malah turun,kaya di seting,nyesel main game ini,yg belum main jangan main game ngerusak anak bangsa",2026-01-06 04:37:36,
Andi Fajar,1,Game tolol,2026-01-06 04:37:19,
Niko,5,menurut saya game ini bagus tapi ada sedikit bug untuk jaringan,2026-01-06 04:32:43,
Wisnu Aziz,1,untuk mobile legends terhormat tolong ini kok sistem permainan nya kok kaya judol ya setiap matching kok ketemunya gak seimbang ya musuh nya musuh nya main nya jago tim ku main nya gak jago konsepnya gimana aku onn 10jam buat main awal legend 1 b5 mau mytik 10 jam itu malah gak naik turun malah iya mau tau sekarang rank ku monton epic iya itu rank ku sekarang tolong monton jika permainan ini seperti judol maka kembalilah uang yang ku topup kan ke game ini dan ambil saja akun ku makasih🙏,2026-01-06 04:31:54,
Luthfi Dimas,1,game babi haram,2026-01-06 04:30:50,
Ragil Wahyu,5,Ragil Wahyu Saputra,2026-01-06 04:30:14,
Akbar Dzakwaan kaamil,5,kapan yah gw ws ngak di kasih tim jelek mulu cape gw tiap ngepush ngak solo ngak party sama aja kek gitu enak banget orang yah ngak kek gw ngak tau gw gimana cara mereka ws cape gw montoon plis lah kapan gw bisa kek mereka bawaan nya emosi trus setiap main ml udah gw tahan di setiap pertandingan tapi ya malah pada makin ngelunjak ini game favorit gw jadi plis lah,2026-01-06 04:24:27,"Halo Kak,
Kami mohon maaf atas pengalaman kurang menyenangkan yang terjadi.
Bisa bantu kami dengan mengirimkan screenshot atau detail lebih lanjut lewat CS in-game?
Ini sangat membantu kami memperbaiki permainan.
Terima kasih!

Tim MLBB"
Jal Jal,1,dark sistem anj di kasih satu team sama bot terus bgst,2026-01-06 04:14:08,
Zainuri Nuri,5,mantap,2026-01-06 04:13:29,
Atun Wakiah,1,yng gw aneh kemarin bisa login sekarang engga hapus aja lah,2026-01-06 04:13:11,
Akun ML,1,"Season ini paling parah matchmaking ga pernah balance, terlalu jomplang, bukan sekali 2 kali, kalau pun dikasih menang itu pun sekali 2 kali dan pasti lawan nya kek bot. ga ada seru² nya.",2026-01-06 04:11:35,
IA_IS,1,pemain yang ngetrol di ban aja selamnya,2026-01-06 04:07:52,
Luhut Simanjuntak,5,"game nya bagus,tapi aku mau Granger diubah lah tolong!Granger maunya seperti dulu,biar enak pake Granger.Semalam pake ni Hero asli udh GK tau.mana cepet habis lagi.",2026-01-06 04:04:25,
Fachrian Firly,2,hei blok sistem match making lu benerin taik gua ketemu musuh prasaan jago jago semua dah ketemu temen kek bot semua anjg kek orang ga ngerti main,2026-01-06 03:53:53,
Ayunda Firnanda Firnanda,5,mantap,2026-01-06 03:53:51,
Aulia Rahman,1,"nonton babi kasih lawan ga ngotak, ngasih kawan kek koncet",2026-01-06 03:43:40,
Syngcia Oficial,1,bikin stresss gw baru wl wl anj kasih gw tim bagus coba moonton tolol,2026-01-06 03:41:59,
stew ajasih,5,tol,2026-01-06 03:30:49,
Chikal Gemilang,1,"game ini sangat buruk ya dikala maen trio, isinya full darksistem ya anjg, mohon untuk di perbaiki game ampas ini gw baru ws langsung di kasih ls gajelas bngt matchmaking nya, hapusin lah para dark sistem itu biar imbang gw maen pekob !!!!",2026-01-06 03:26:51,
Si Entong Joss,1,👎👎👎👎👎👎👎👎👎👎👎👎👎👎👎,2026-01-06 03:25:03,
Stevin,1,game aneh setingan mass udh menang dri awal stu Tim ngeleg aneh game aneh game aneh main 10 game di Kasich Tim bot giliran music nya di kasih yang jago game aneh,2026-01-06 03:24:51,"Halo Kak,
kami berkomitmen untuk menciptakan lingkungan permainan yang adil.
Terima kasih atas dukungan Kakak yang terus-menerus!
Hubungi kami CS in-game dan berikan lebih banyak feedback agar kami bisa membantu secepatnya.

Tim MLBB"
La Ode Alfika,1,burik ketemu tim tolol mulu anj,2026-01-06 03:22:41,
Muhamad Indi,1,gabbisa di buka rusakbgame nya nytak di loading tolong di perbaiki,2026-01-06 03:17:25,
Bayu Riski,3,"woi moonton ajg lu ngotak lah asu kalo nyari team yang benerrr lah ajg masa gw di kasih team trol mulu asw,lama2 gw pindahhh",2026-01-06 03:15:41,
muhammad bayu,1,ini game sepi kah? masa 7 kali match main ama roam bot,2026-01-06 03:15:20,"Halo Kak,
Kami mohon maaf atas pengalaman kurang menyenangkan yang terjadi.
Bisa bantu kami dengan mengirimkan screenshot atau detail lebih lanjut lewat CS in-game?
Ini sangat membantu kami memperbaiki permainan.
Terima kasih!

Tim MLBB"
zenn tod,1,parah ml isinya orang orang toxic semua banyak ngatain agama+suku,2026-01-06 03:10:59,
PUTU EKANTARA,1,game sampah. sistem match nya sama sekali gk ada adil adil nya. jujur aja lu setan sistem nya gk imbang. Gw juga smpet liat ko lius pas ditanya soal darksystem tpi planga plongo. dasar game setan,2026-01-06 03:08:36,
Fatkhur Yhe,1,"Game pro Philipin lu moonton, uninstal atau bintang ayoo indonesia satukan kekuatan. Game gaje ,",2026-01-06 03:07:39,
Muhamad Dani,1,game drak sistem,2026-01-06 03:05:45,
Ardana Dana,1,permain banyak drafsistem,2026-01-06 03:03:06,
Lastri Asep,1,tolong di ganti thumbnail nya. gak sesuai. ini bukan game perang. lebih baik game last war,2026-01-06 03:02:24,
Bimzz 05,1,banya drag sistemnya,2026-01-06 03:01:15,
Herman Rungkut,1,cok,2026-01-06 02:57:11,
Afah Iyah,1,Game apa ini match making ga sehatt,2026-01-06 02:56:32,
Alfan Muhammad,1,Sistem nya baguss,2026-01-06 02:54:55,
erick heron,5,"gajelas game rusak gabisa di pencet mau play ranked, hapus aja banyak bug gajelas,makin tolol bnyak bot tiap subuh, kepala sampe sakit",2026-01-06 02:48:05,
AL Jo,1,game jembot di kasih tim bot mulu,2026-01-06 02:46:06,
syarif accoustic,5,"adakan kirim hero pake BP lah montoon, BP gw 1jt ga pake, lagian percuma pake dm ga akan ada yg mau make dm utk kirim hero kecuali stremer2 kaya, yakin gw pasti bakal banyak yg main karna kalo butuh hero temen tinggal minta, yg minta hero tinggal beli skin. ini mau beli skin hero ga punya gimana mau beli, buang2 duit beli hero pake dm",2026-01-06 02:39:56,
haedir14 Jannah,5,bajikii tawwa 👍👍😅,2026-01-06 02:38:05,
Fandy123 Call,1,bener2 udh ancur ni monton makin parah game ini bagi pejuang solo jangan harap bisa ke glori di epic legend aja di kasih tim bot dtak sisteam..sedang kan tim lawan reall orang sinyal ijo pas war brubah jdi pink jaringan buruk makin ke sini makin ancur kaya nya mau saka kaya pubg pasti player nya pada kabur ke game lain.klw gini terus.,2026-01-06 02:35:59,
Maman Abdurohman,1,udah mah game makin berat jaringan buruk sering di kasih tim dark sistem kagak jelas. perbaiki lagi pembagian tim yang adil biar lebih kompetitif perbaiki masalah jaringan biar tidak sering leg.,2026-01-06 02:31:10,
Zul Fikar,1,hilang ka semua bot azu game bikin stress,2026-01-06 02:27:53,
Rahmat Fikri,1,game moonton terburuk untuk pemilihan pemain 👎👎👎,2026-01-06 02:27:52,"Halo Kak,
kami berkomitmen untuk menciptakan lingkungan permainan yang adil.
Terima kasih atas dukungan Kakak yang terus-menerus!
Hubungi kami CS in-game dan berikan lebih banyak feedback agar kami bisa membantu secepatnya.

Tim MLBB"
Azril Septeria,1,monton ajg ketemunya drak sistem mulu,2026-01-06 02:26:54,
Angga Brah muda,1,buat MOBILE LEGENDS yang bener lah server ngelag ngelag semuanya ngelag digame,2026-01-06 02:26:25,
stuck honor,1,moonton kasih tim yang keras urang ex imo di panggih ken wae jeng lejend duo mytic tim lejend wae rungsing sistem jadul ga bisa deteck mana player jago sama player noob tiap jam 12 pasti ketemu player kaya gitu kebanyakan hantu bingung di report tetep aja ga di proses #SISTEMJADUL,2026-01-06 02:26:17,
Ultranggimen Cihuy,1,"ml kntl, jaringan gue bagus"" aja, sodara gue main gak ngelag cuman gue aja yang ngelag tolol, tolong lah dibenerin kimak, gue udah lama sabar kimak, udah gue beri kemarin"" itu bintang 5 nya tapi makin kesini makin tolol sistem nya eror kimak",2026-01-06 02:22:41,
Muhammad Ilyas,2,"game apaan musuh gak pernah seimbang, ini gamenya bikin stres bukan bikin hiburan, moonton perbaikilah match making nya, sesuikan musuhnya, masak tim saya solo, musuhnya ada yang main bertiga kan gak adil",2026-01-06 02:20:35,
Himawan Pratyasto,5,ok ae,2026-01-06 02:18:11,
eiser reins,1,"ga jelas sistemnya ga becus, ngasi temen tim bot musuhnya mantan imo kocak kali",2026-01-06 02:17:45,
Makin Ahmad jago,3,"si Monton nya ga adill bngaet, saya di kasi tim bot, lah giliran yg saya lawan jago, tolong Monton yg adil ngasih tim yg setara",2026-01-06 02:17:45,
anggi maulana,5,nice saya memainkan dengan baik,2026-01-06 02:14:02,
naila naila,1,lawan ga seimbang tim poke lah tolol bngt gilaaa game rusak makin kesini makin ga ngotak,2026-01-06 02:10:16,
Zultias Hasibuan,1,GAME SAMPAH,2026-01-06 02:09:50,
TP RADIT YA `,1,game haram bikin gila full drak sistem,2026-01-06 02:08:55,
Wandi,1,"game sinting ,gk balance",2026-01-06 02:07:14,
Muhammad Taswin,1,"game konyol, banyak darksystem. matching tim tdk setara",2026-01-06 02:03:51,
Kevin Arjuna,5,sangat menyenangkan 💯💯💯💯💯,2026-01-06 01:59:42,
Kurumi Tokisaki,1,giff akuu skin epic nantiii ku b5,2026-01-06 01:57:52,"Halo Kak,
Kami berkomitmen untuk menciptakan lingkungan permainan yang adil.
Terima kasih atas dukungan Kakak yang terus-menerus!
Hubungi kami CS in-game dan berikan lebih banyak feedback agar kami bisa membantu secepatnya.

Tim MLBB"
Vandi 0608,1,game apaan memeg kalah mulu game memeg dikasih menang 1x kalahnya gk ngotak,2026-01-06 01:56:01,
Nuryanto Mewing,1,"game penurun iq bikin anak kecil gabisa nurut sama ortu, kalo kalah selalu banting hp",2026-01-06 01:53:46,
Andri Suryadi,1,MASALAH KITA RANK KALAH BANYAK GAK PERNAH MENANG MANA MANA MANA GW GAK PERCAYA MOONTON BOHONG GAK MAU LIAT BIAR KALAH NYAMAN GILAAA KAU GAK PUNYA OTAK ERROR DAN GAK PERNAH MENANG CAPEK DECH LO KALAH 30X ATAU BANYAK KALAH LO,2026-01-06 01:51:21,
Hanivan Mauris,1,sumpah season ini pake otak dikit lah moonton. tim gw mythic ada lejennya juga diketemuin sama musuh rank honor semua tolol bet sumpah pantes makin sepi ni game. ternyata sistemnya udah gk jelas bgt. gw juga main duo malah ketemu party kan lawak moonton. PANTES LAH RATING ML TURUN DRASTIS. saran gw atur yg bener tu game sesuai lawan ranknya kocak. AWAL SEASON 39 YANG GAK NGOTAK,2026-01-06 01:49:45,
deri syahputra,1,kenapa gak bisa lagi taut kan akun pake akun whatsaap hilang lah akun ny ngulang lagi dari awal ga jelas,2026-01-06 01:49:17,
Boy Luwak,1,game rusak matchmaking ngawur solo bisa ketemu full party mending dev terjun aja dari pesawat,2026-01-06 01:47:17,
Faisal Imam,1,"Bisa ga sih yg adil ngasih tim main berjam jam malah turun bintang gra gra tim troll, tlong lebih serius lagi dalam memilihkan tim yang seimbangl🏳kalo gini terus mah mending main hok",2026-01-06 01:44:17,
Ari Jambi,1,sistem match making tidak adil harusnya di bikin seimbang misalnya mantan imortal ada dua di tim a dan di tim b ada dua juga. ini malah mantan glory bintang 50 lawan mantan imo bintang 500 udah pasti kalah. mohon pihak moonton perbaiki sistem match makingngnya dulu pernah saya main game MOBA sebelah sistem match makingnya adil. terimakasih,2026-01-06 01:43:51,
mrizkyyaumul fajri,1,game kikir gacha buruk trus,2026-01-06 01:43:05,
LerSkieee,5,masa gabisa mulihin akun min gimana ini?,2026-01-06 01:42:12,
Boyonk Inside,1,"ML makin kesini makin kaga jelas match makingnya, seengaknya kalo tim sama-sama bener mainya, kalahpun masih dimaklumin, ini ber urut-urut dikasih match making troll, pantes makin sepi ni game, beralih ke game sebelah.",2026-01-06 01:38:26,
Derlison Situmorang,1,"setiap main gk pernah beres tim nya, lawan nya selalu yg gk seimbang, izin hapus lebih baik main ff dari pada gem ini, ternyata lebih burik gem mlbb ini",2026-01-06 01:37:26,
Yesty Yesty,1,gak masuk akal game nya donlot data lama,2026-01-06 01:36:56,
Vigy 06,1,lostreak ga kira kira di kasih dark system Mulu.. ga adil lu moonton.. kalo ngasih lawan juga ga imbang.. ngotak dikit kalo ngasih lawan sampe puluhan lostreak,2026-01-06 01:36:28,
R',1,updet sinyal makin gk jelas ini chet apa kya mna sinyal bisa ancur smua pp,2026-01-06 01:36:22,
Fakhri Kunimoto,1,main ni game ibarat main judol.. stop main ml kntl,2026-01-06 01:34:29,
Ryan Arby,1,game busuk dapet tim bego mulu. emang rusak game sampah. matching di kasih tim ampas terus. cuih,2026-01-06 01:34:23,
Vynn Softboy,1,"game aneh,masa team sama musuh skillnya jauh banget,setiap match pasti di kasi musuh jago dan team noob, udah lah kikir,ngasih musuh sama team sendiri juga ga adil,di kira gw sanz apa begimana dah ni moonton, kecewa banget dari dulu sampe sekarang tetep ae sama,",2026-01-06 01:33:45,
Hasin01 Mubarok,1,game tidak ramah matcmatching tidak adil dan banyak darksistem,2026-01-06 01:32:48,
Fino30 Al,2,gua main ML sisen ini udah ada 70 lebih pertandingan tetepi gua di beri tim yang kurang baik di sengaja kan tim gua kaya computer tim musuh mantap mantap semua apa ML udah benci ama gua ya???,2026-01-06 01:32:29,
Arya wiguna,1,"server gak jelas, benerin dlu tuh jaringan",2026-01-06 01:32:28,
Kevin Fendian,1,"matchmaking bapuk di kasih se tim sama player gak jelas, game moba paling sampah, , game busuk busuk busuk",2026-01-06 01:32:10,
Dede Mulyana,1,makin tolol tem nya makin sini,2026-01-06 01:28:34,
Supri Yatna,1,gak adil musuh yah jago tim yah gak bisa main aku sampai turun ke epik lagi,2026-01-06 01:27:04,
Chelo Wwr,1,"GAME RUSAK INI,PARAH BANGET menyesal download game ini,menyita banyak waktu,. matchmaking yang tidak seimbang.",2026-01-06 01:26:01,
renz ajh,1,ni 1 mkan,2026-01-06 01:24:43,
Onlek Btr,5,sengaja bintang lima agar di baca jangan di download pas rank kalian legend nanti monton gak pakek otak beri tim yg tolol sedangkan musuh sekelas kairi dan di beri win los win lagi los lagi win lagi los lagi ngulang²,2026-01-06 01:24:33,
Jin Seo,3,banyak player yang ingin menyerah dalam pertandingan jika dibiarkan malah afk,2026-01-06 01:24:12,
Yuen Plasing,1,aplikasi nya makin berat maka makin berkurang pengguna nya,2026-01-06 01:23:49,
ARIL LAPINZO,5,kikir banget sih masa misi tiket gacha Nolan 11.11 malah cuma gunain diamond? mana banyak banget 500dm gw dah top up banyak di game lu hargain dikit jadi developer kikir amat,2026-01-06 01:22:22,
Anggi IrmaYani,1,match making makin kesini makin ngaco,2026-01-06 01:19:12,
Fauja Arifin,1,"montoon ini game nya aneh, lawan computer ko di pause 😒",2026-01-06 01:18:04,
Zai Cool,1,"game nya mkin update makin keren tp kesalahan nya ngasi team gk jelas mulu., tlong la moonton,kasi performa yang jelas,, kami para player juga mau main dengan team yg seimbang bukan yang anak baru tumbuh.. kecewa bangt main kek gni",2026-01-06 01:16:34,
Re Fan,5,Coba Collab Ama One Piece Kayak Nya Seru,2026-01-06 01:15:29,
Dimaz Exoyounee,1,Saya ikut starlight member kenapa peringkat tidak naik ini padahal misi selesai ???,2026-01-06 01:14:34,
TARTEDS,1,bantu saya montoon. kasih tim yang bener lah . 100 match masih di epic 2 dapet tim bot semua,2026-01-06 01:12:33,
Wawa Wawa,5,slm duta lose streak 🫡,2026-01-06 01:11:35,
MuhammadFauzi Hasri,1,sesuaikan tim untuk yg solo rank👍 agar tidak terlalu berat sekali bertemu teman yg trol,2026-01-06 01:10:50,
08. Arvian Ardi Pratama putra,1,game kontol,2026-01-06 01:10:23,
Nia Arsya,2,"Gamenya si bagus..tpi sangat disayangkan saya sering dpt kata-kata kasar dan kotor lewat chatan..Mohon Jangan diadakan chatan..qlo pake microfon masih bisa diatasi dgn cara tidak diaktifkan microfonnya🙏🙏,dan tolong slot emojinya tambahin biar makin seru mainnya. smoga saran saya bisa dipertimbangkan.. terimakasih 🙏,",2026-01-06 01:10:22,
Rush Man,1,"game yg tidak sportif,dapet temen bot semua cok.... lama2 jga gak ada peminaty game ini",2026-01-06 01:08:52,
fikri Aryadinata,1,game ini emang udah sedikit peminatnya ya sampe sampe saya main di kasih tim boot semua!!,2026-01-06 01:07:58,
Dinor Adi,1,game asu,2026-01-06 01:07:44,
Muhammad Riski,5,"keren bngt mobile legends buat kita Mabar sama tmn""",2026-01-06 01:06:41,
Soto,1,match matching rusak,2026-01-06 01:06:23,
Muh Hayar,1,Game nya laaaaaagg laaaaa😁😁😁🤣😂🤣😂🤣😂🤣😂🤣😂🤣🤪🤪🤪🤪🤪🤣😂🤣😂🤪🤪🤪,2026-01-06 01:06:13,
Firman Suminta,1,gajelas,2026-01-06 01:05:32,
Doni Saputra,1,"main kalah terus mending hapus aja game nya,dari bintang full sampe ksoong,yang adil dikit kalo buat game moonton",2026-01-06 01:04:02,
Rizal Sidik akbar,4,game yg menyenangkan,2026-01-06 01:02:04,
TERSERAH GAK PEDULI,1,"tolong di perbaiki lagi pas war 5 orang kok suka kayak nonton video yang ngelag"" itu pas ku gerakin analognya ga mau responsif",2026-01-06 00:59:06,
abcdwa sptra,5,"moonton² ga berubah² juga ya dari dulu sampe skrng masih aja ""JARINGAN"" ya lag padahal udh wifi+data juga sama aja, tolong lah benerin kita smua jadi pada ga semangat push/main nya lagi gara gara satu masalah itu. mksih",2026-01-06 00:55:56,
Fandi pribadi Fandi,1,"mohon bantuan admin, akun saya sdh 2 bln nggak bisa liat skin tim & musuh saat ingame, padahal pembaruan aplikasi & download resource udah semua, tp tetap sama masih nggak bisa liat skin ingame.",2026-01-06 00:55:08,
Hilal Ajis,1,benerin jaringan anjjjjjjjj,2026-01-06 00:54:33,
faielzxx,1,game ini sangat luar biasa TIDAK ADIL karena kalo saya kain solo atau trio pasti ketemu nya sama rank mythic ke atas padahal rank saya masih legend dimana letak KEADILANYA moonton?,2026-01-06 00:52:38,
Mutsaqqaful Qawiyyul Fikri,1,bad team,2026-01-06 00:52:12,
yovi arianda,1,"MOONTON JEMBOOT PEMBAGIAN MACTH SELALU GA SEIMBANG SAMA MUSUH, KADANG DAPAT TIM USER MM SEMUA, MAGE SEMUA, ALHASIL KALAH MULU BABI",2026-01-06 00:50:26,
Sapril Norsaid,2,ga pernah benar ngasih tim selalu ga imbang,2026-01-06 00:50:14,
Raditya Rohman,2,"stres dapet tim ga bisa maen , sedangkan tim musuh jago",2026-01-06 00:47:26,
Geandra Gunawan,1,seru sekali banyak Hero temen temen saya pun suka sama gema mobile legends,2026-01-06 00:45:09,
Via yu,2,"Tolong lah buat gamenya ketika bermain ml di rnk, jangan kasih lawan yang jelek lah, kasih yang sama rank nya, mikir lah, orang tu capek, ap guna buat ml, orang untuk senag,ini malah stresss",2026-01-06 00:44:55,
Zaki Sihab,1,"Tolong perbaiki sistem matchnya jangan pertemukan rank yg tidak sesuai, saya sering sekali ketemu rank yg lebih tinggi dari saya dan tolong hilang kan dark sistem dari rank agar player bisa tenang bermainnya, dan tolong di perbaiki server saat bermain, di balas ini penting jangan di diemin aja kita player butuh balasan di pihak montoon",2026-01-06 00:43:06,
Lupiaj Hasan,2,"game payah menang kalah aja trus jumpa tim ke hewan ,awak terus mengendong ,ngstack di legend5 aja di 2 minggu nih jng",2026-01-06 00:42:10,
Hilman Anggara,1,"tolongg kasihh musuh nya yang seimbang, dan lebihh adil lah masa saya main-main beberapa pertandingan cuman menangnya cuman 2 kali? terus kalah nya banyak lagi, capek playernya kalau gini, capek capek main ini game Berjam jam cuman dapet hikmah nya aja😔",2026-01-06 00:42:10,
Dimas Ngepngep,1,AWOKAWOK GAME NYA MAKIN SEPI AMPE BOT BOT BERKELUARGA BIAR GAME NYA GA KELIATAN SEPI,2026-01-06 00:40:01,
Rizal Fahuzi,1,"Malas banget Mobile Legend sekarang, Isinya BOT, isinya Bot semua.. udah ga rekomend sekarang main game ini, mending pindah game.. sumpah game ter jelek!!!!",2026-01-06 00:38:45,
Relianto Realianto,5,keren banget,2026-01-06 00:38:15,
iping mboiz,1,"LEBIH BAIK PENSIUN DAH,,, DRPADA MAIN GAME GAK JELAS..",2026-01-06 00:37:29,
azka wayu77,1,buruk pilih kasih terus klo main sering kena trol nana hyper ga ada gitu sistem memisah kan player jago sama yang di bawah cape gendong 4 yatim mulu tolong sistem munton di upgrade tolol jng cuma skin doang main kaga bisa,2026-01-06 00:34:58,
Putri Widyawati,1,KECEWA,2026-01-06 00:34:13,
alvin ardana,1,tolong benerin bug verifikasi nya saya kehilangan 2 akun padahal gak aktifin verifikasi loh!!,2026-01-06 00:33:31,
Muhamad Aditiya,1,"moontot personal anj Jaringannya tiba"" leg padahal bagus",2026-01-06 00:32:40,
Jidni Nuron,1,game nya bagus banget untuk melatih (mental) alhamdulillah saya main kalah terus pikiran saya jadi ploong banget tiap hari kalah karena gak di kasih lawan yang sesuai🥰🥰🥰🥰🥰🤬👎,2026-01-06 00:31:54,
r_michael kaomaneng,1,"Gerakin heronya pake analog bisa (kadang 2 menit baru jalan heronya) Pencet skill, basic attack, spell gda respon sma sekali. Padahal jaringan dirumah bagus. Masih dikurangin juga bintangnya, padahal masalah ada di mereka, BABI.",2026-01-06 00:30:53,
Aldi Saputra,1,Kasih tim tuh yang masuk akal bisa gasi bikin orang ga mood maen aja kalo mau kasi bot yang bnr dikit Napa bikin stres orang aja ini game,2026-01-06 00:30:04,
Sero Onehit,5,teman kesendirian 😔,2026-01-06 00:29:53,
Al Maliki,1,monton kasi aku kalah,2026-01-06 00:29:48,
Fachrizal,2,"gausa didownload dah ini game, musuh top global dapet temen b0t noobie",2026-01-06 00:29:30,
Balyan Cod,1,"aplh moonton ni server ngelagnya gak karuan, jaringan full pdhl, kuota juga masih bnyak.",2026-01-06 00:29:27,
Muhammad Pratama67,1,ngelag anj,2026-01-06 00:27:11,
Yanzz Yanzz,5,"game anj bikin setres dihonor awal season ketemu orang kagak tau item counter dikasih ls apcb, gw kasih *5biar yang teratas dan semua orang membacanya",2026-01-06 00:26:48,
Hasanuddin Lubis,1,"game nya makin lama makin aneh,match nya terlalu sering rank glory ketemu player legend ke bawah,makin malas main ni game,match making nya gak beres,kalo gak ada perbaikin sih mending pindah game aja kalo gini..",2026-01-06 00:25:29,
Azka Nazril ilhami,1,woyy moonton kalau lagi main solo jangan di kasi yang draksitem oge atuhhh anjj,2026-01-06 00:24:23,
Joker Doang,1,"game gaq guna,,gaq adil ga qpernah dapet tim bagus,,,ada kek kita sellu dapwt tim GM,,game sama sekali ga qguna,,mending main HOK lebih enak dan adil",2026-01-06 00:23:35,
Manz LEGENDS,1,"temen gw pada pensi gara"" keseringan LOSETREAK, dapet team yg sama ranknya tinggi tapi skil ga sesuai sama ranknya, kocak nih lama""",2026-01-06 00:23:10,
Yuda Octavian's,1,matchmaking nya berantakan ga sesuai berat sebelah,2026-01-06 00:22:48,
Email utama - Galuh,1,min tolong ini mah ya mentang mentang di tiktok bisa di hapus komplen saya ga di dengerin sya cuman mau pembagian tim secara rata kan saya high renk imo jangan tim syaa campuran ada high renk nya Mawi honor sedangkan tim musuh rata imo semua jangan gitu lah berat di Saya min kalau gini terus mah orang orang makin sulit min saya sampe ls 10 kali loh dah itu gada perubahan dari segi tim yang di dapet sumpah ini mah dah di luar batas sih min parah lu min asli 🤬😡,2026-01-06 00:22:39,
gamal hazrin,1,selalu dapat lawan yg tidak se imbang,2026-01-06 00:21:22,
Revan Malik,3,game gajelas setiap gw 1 bintang lagi naik rank pasti di kasih musuh yg jago plissss monton kasih musuh yg imbang la,2026-01-06 00:21:07,
Rizal Gazhali24,1,anco aku dapat tin tolol truss montoon,2026-01-06 00:20:29,
Ayyaz Ja,3,Tolong lah moonton aku dapat legend card sudah berharap bagus eh malah dapat skin skin elite,2026-01-06 00:20:03,
Muhammad Rizki fadillah Fadillah,5,"game nya udh bagus,tapi tolong kalo kalah tuh jangan di turunin bintang nya,lu kira gua ngak stres main nih game los streak mulu.jadi tolong yah bintang nya jangan di turunnin.terus juga kalo main rank itu isinya drak sistem semua ton,jadi tolong kalo ngasih tim atau musuh yang imbang lah monton.",2026-01-06 00:19:37,
Ahdi01 channel,5,selama 7 tahun ini aku paling setia sama game ini,2026-01-06 00:19:03,
Adinata Majid,1,Musuh yang tidak setara gk jelas rank setara gameplay nya tim sendiri mesti tolol,2026-01-06 00:15:03,
zik aja,1,sinyal ancur anj tiap mau nyerang pasti sinyal merah bab11,2026-01-06 00:14:49,
daniel akbar03,1,"game bikin frustasi, pas main rank dikasi tim gak sepadan",2026-01-06 00:14:07,
Maman,1,yang mau depresi silahkan download.,2026-01-06 00:12:32,
Putra Putraa1,1,"semenjak update kemarin sering lag dan gk dapat di main kan, makin ke sini ms nya makin ngga bener suka 999 sendiri padahal sinyal full",2026-01-06 00:12:32,
Amalia Salsabila21,1,"dari pengalaman ku main game ini, sampe glory bintang 78, terkadang saat kita main, musuh dan team kita gerak gerik nya seperti bot/computer. tolong beri penjelasan, masa aku sering nemu musuh yang gerak gerik nya seperti bot terus,",2026-01-06 00:11:45,
Hasan Asari,1,"Saya mau kasih saran, segeralah atasi masalah player, tidak perlu jauh-jauh, dengarkan player, sebelum semuanya terlambat, game ini hancur. Saya tidak sabar melihat game ini hancur dan ditinggalkan. Bayangin aja, bertahun-tahun, masalah lag, keseimbangan matchmaking, kikir, dll tidak kunjung membaik, kayaknya developernya yakin banget game ini akan bertahan lama terus.",2026-01-06 00:09:56,"Dear Hero,
Kami mohon maaf atas ketidaknyamanan yang Anda alami. Kami berharap Anda bisa memberikan tangkapan layar atau informasi yang lebih spesifik melalui CS in-game atau email untuk membantu kami mengonfirmasi masalah. Kami akan mengumpulkan pertanyaan dan feedback Anda untuk terus meningkatkan pengalaman game.
Terima kasih!"
Muhammad Devin Anbya Alwalid,1,"sistem matchmaking lu ga adil gue solo ketemu squad, ya kali tim nya ngimbangin lah ini malah penghuni asli semua",2026-01-06 00:04:47,
Encau Syauqi,1,"hadehh dari dulu ga di rubah rubah ni game nya masih aja kaya dulu di kasi tim dark sistem, lag di awal padahal jaringan bagus hadehhh ga di bener benerin nih game rusak",2026-01-06 00:04:45,"Halo Kak,
Kami berkomitmen untuk menciptakan lingkungan permainan yang adil.
Terima kasih atas dukungan Kakak yang terus-menerus!
Hubungi kami CS in-game dan berikan lebih banyak feedback agar kami bisa membantu secepatnya.

Tim MLBB"
liaa mo sjaa,3,geme tolol niat ngilang gin stres malah tmbh setres Asu monton,2026-01-06 00:03:56,
Kokoe Kokoe,4,skrang game.a ngelag ngelag,2026-01-06 00:03:28,
Bagus Pangestu,1,"dpet Tim gj mulu gak usah download,tim suka trol,ngripot orang Fed gak masuk giliran gw gak sengaja Fed di ripot masuk,game burik mendingan pubg nya",2026-01-06 00:02:50,
Titin Sumarni,5,game kesukaan ku dari dulu emang GK pernah pelit thank you Montoon🥳🥳,2026-01-06 00:02:42,
Risman Anwar,2,"tolong moonton jaringan pas di in game nya di perbaikin masa setiap war ping nya jlek mlu,lama lama gua kasih bintang satu juga nih, heran gua mah",2026-01-06 00:02:16,
Ahmad arizki,1,WOI TOLOL GANTI PLAYER LU NOH PADA BIKIN NYUSAHIN DOANG,2026-01-05 23:59:55,
Lazuardi Assidiqi,1,balikin shadow haya yang dulu moonton,2026-01-05 23:59:24,
padeli coy,1,"matchiing monton tolol,",2026-01-05 23:57:34,
Oman Abdul Rohman,5,game nya mantep tapi masih galau sama free fire tapi ram hp nya gak muat ya Allah semoga dapet HP baru aminn...,2026-01-05 23:57:33,
tamam,1,game haram,2026-01-05 23:57:08,
Iman Imanami,1,"monton bisa gk kasih tim yg bagus"" jgn ngasih tim isi binatang",2026-01-05 23:56:38,
helul sani inverter,1,babi sinyal naik turun nonton dongo,2026-01-05 23:56:26,
Jablay Petir,1,gw dari pagi lose Mulu sampe malam ga menang menang game dajal,2026-01-05 23:55:29,
Jepri Sanjaya,1,ml slalu di hati,2026-01-05 23:55:25,
widyakhoerunnisa02,4,bagus,2026-01-05 23:54:09,
Gameming,1,bujangenam ma sherlock babi...ngasih kawan ngetroll mulu..lawan di kasih pro babi lah monton,2026-01-05 23:54:07,
Muhammad Iksan,1,"Game sampah, Jaringan lag Mulu padahal apk lain lancar aja dan kalo kasih tim yg imbang lah tiap mau naik Mythic pasti ada aja anomali",2026-01-05 23:51:47,
Babat Doni,1,montoon tolong lah saya main terus dapat tim drak sistem cape saya montoonn tolong banget kasih aku menang,2026-01-05 23:51:45,
Nandooz,1,"Kasih tim tolol aja terus, main random isinya anomali mati banyak beli sky piercer. Main 7x kalah 4 ngentod, ngehabisin waktu gw doang dev cina kikir",2026-01-05 23:51:28,
Benediktus Andriy Permana,1,matchmaking diperhatikan lg,2026-01-05 23:51:08,
Nirma Zahra97,5,seru ayo mabar,2026-01-05 23:50:27,
dzaky ramadhani,1,"woy moonton klo ngasih tim yang bener lah masa gw dikasih setim ama akun yg kgk setara si, sama gw heran gw maen solo masa ketemu musuhnya yg maen trio si kan kgk adil tonnn, tolong lah diperbaiki lgi match makingnya. #MLBBGAMERUSAK!!!",2026-01-05 23:49:41,
Pasha Hardian,1,"dear moonton, semoga sehat slalu, dipanjangkan umur nya, mendapatkan rezeki berlimpah, bisa membahagiakan orang tua, tergapai cita cita nya. makasih moonton buat game nya, menurut saya udah bagus banget karna matchmaking nya sangat adil tanpa ada kecurangan sekali pun. skali lagi terima kasih. -Psyee",2026-01-05 23:49:16,
Ilham Maulana Malik,2,game tai,2026-01-05 23:48:25,
Gadenk sasuke,1,makin kesini makin prh jaringanya ... pdahal sinyalnya ijo full .. jis bgt moonton ... parah ...,2026-01-05 23:47:55,
Somai Mantap,1,"game rusak server ngelek, dapet tim ga sepadan",2026-01-05 23:47:50,
Sakk Inah,5,No comment,2026-01-05 23:47:13,
Benazir Ashadul Hak maarif,1,"gem macam apa ini ,,banyak bocil,banyak boot nya ,ga bisa di laporin ,ga sangsi ,,tolong lah perbaiki",2026-01-05 23:47:03,
AdHitya Nurrohman,1,"main solo di season ini main winrate ancur parah, season terparah ga kaya sebelumnya",2026-01-05 23:45:27,
rizki Iki,2,game gak adil asu bayak daksistim tim pada lol pada gak bisa main pada poke lah musuh pada jago semua curang bet dah,2026-01-05 23:44:08,"Halo Kak,
Kami berkomitmen untuk menciptakan lingkungan permainan yang adil.
Terima kasih atas dukungan Kakak yang terus-menerus!
Hubungi kami CS in-game dan berikan lebih banyak feedback agar kami bisa membantu secepatnya.

Tim MLBB"
Animasi3D,1,"klo maen ber 3 di temuin nya sama tim yang gk bisa maen,,,, makin gk jelas sekarang mlbb",2026-01-05 23:43:00,
Muhammad Hanapi,1,nyesal kasih bintang game haram,2026-01-05 23:42:09,
Iqbal Jpr,2,"bikin gak mood aja, bisa gak sih kasih draft pick yang bener masa lawan nya jago team gua oon semua benerin sono sistem team nya bikin orang marah""ae mana gua yang gendong"" pulak ler",2026-01-05 23:41:15,
Kevin krisan,1,"tolong di perbaiki match nya untuk player solo,musuh nya terlalu op dan GG dan team sendiri boro² seimbang malah beda jauh langit dan bumi",2026-01-05 23:39:55,
KAFFA RAYNALDO PUTRA JASMANDA,1,kasih tim yang bener dong kontol,2026-01-05 23:39:01,
Agus Setiyono,1,"ngasih team gak kompak, gak imbang, kurang fiks, akun baru udh dikasih musuh pro, game gak ramah!",2026-01-05 23:38:49,
Kali Nongko,5,game bagus,2026-01-05 23:38:01,
Bob Kewong,1,dari pada gw maen ml mending gw maen slot games dazzal,2026-01-05 23:37:22,
Arya Pratama,1,Game ini sangat haram jangan dimainka tidak layak untuk dipakai semoga play store menghapus game ini saya tidak sudi liat game tidak seimbang dengan lawan sedang kan di team bot lawan pada jago saya setuju aplikasi ini di hapus oleh play store semoga dihapus oleh pihak playstore,2026-01-05 23:35:53,
Akun Khusus,1,gems miskin kikir nyah minta ampun banyak dark sistem mending main honnor of king,2026-01-05 23:34:37,
Muhammad Denis,1,"banyak perlakuan tim yang tidak memahami game mobilegends ini dan banyak dark sistem tentu saja ini sangat merugikan dan sangat mengecewakan,akankah terus menerus begini sampai kedepannya?kalo iya tentu akan banyak pemain yang berpindah ke game moba lainnya,terimakasih.",2026-01-05 23:34:12,
Firman Hermawan,5,"Pliss ngotak dikit lah ngasih tim, capek main 5 jam naik 1 bintang turun 5 bintang!! Menurut anda waras gk? Main game kami nyari kesenangan tapi malah dapat stres, menang kalah itu biasa tapi klo kalah trus biasa??? Ketemu lawan jago di kasi tim Kepala udang minimal kasi setara lah capek.",2026-01-05 23:33:48,
Rafli Ramadhani,3,"jaringannya harap diperbaiki, masak iya jaringan hijau ngeleg², segera ditangani biar kita sama² nyaman",2026-01-05 23:32:33,
veyz,1,"sytem game paling parah,mau nambah stres main game ini,.. yg jelas bkn game buat hiburan,sytem match making gk jls,..",2026-01-05 23:32:24,"Halo Kak,
Kami berkomitmen untuk menciptakan lingkungan permainan yang adil.
Terima kasih atas dukungan Kakak yang terus-menerus!
Hubungi kami CS in-game dan berikan lebih banyak feedback agar kami bisa membantu secepatnya.

Tim MLBB"
Puyan 13,1,"game kikir, nyiksa player sendiri, GK habis"" bikin orng sakit hati, bisa yok monton bangkrut",2026-01-05 23:31:49,
Fadly Yan Mustopa,1,"game ko*t*l gabener ngsh tim, giliran mau naik pangkat lgusng diksh tim bot gak seneng bgt liat org menang nih developer, game sampahh ampass💩💩💩💩",2026-01-05 23:31:40,
Ziew Hutabarat,1,"pls moonton yang draksistem tolong disatukan dengan dark sistem setiap main pasti ketemu rank ku yang dari imo turun ke honor gara² dark sistem apalagi setiap main pasti lag tolong diperbaiki dan jangan kikir,skin silvanna collector malah mirip skin elite",2026-01-05 23:30:50,
Cepi Oktavian sujana,1,game nya bagus tapi cara memilih tim nya agak Laen ngga sesuai renk tolong lah monoton dibenerin lagi cara pembuatan tim nya tolong di setarain cape ton ketemu Tiim nya anomali semua maen 10 game menang 2 kalah 8 apa coba kaya gitu terutama buat player solo nih yaa tlong banget inimah monton yang baik hati dan tidak sombong dan 1 lagi jikalau ada orang nglapor tentang tindakan seperti player tidak berkontribusi dalam tim tolong dilihat ya dan kredit sekornya di turunin jadi 90 langsungaja sekian,2026-01-05 23:28:21,
Faisal Potabuga,1,Tolong dong moonton kalo kasih tim yang setara lahh ini kagak sesuai yang di kasih terus,2026-01-05 23:27:36,
Farida 12,1,"plislah jangan di kasih tim boot mulu cape tau push rank solo dapat tim anj mulu, giliran musuh nya jago²",2026-01-05 23:27:13,
Fathur Rosi,5,lebur,2026-01-05 23:26:46,
LATTE COFFE,1,game apa ini ...dikasih team bot Mulu ..min misal kalo kalah tapi mvp tolong lah naikin bintngnya kita smua car ketemu bot bot. nasib pejuang solo .game bukan buat hiburan malah bikin stresss,2026-01-05 23:26:15,
X - 24,4,game nya bagus author gamenya juga udh Bagusin kimmy tapi tolong ya musuhnya gampangin banyak,2026-01-05 23:25:47,"Dear Hero,
Kami bertekad untuk menciptakan lingkungan permainan yang adil untuk setiap pemain dan terus meningkatkan pengalaman permainan Anda, terima kasih atas dukungan Anda sampai saat ini, Anda dapat menghubungi kami melalui layanan CS dalam game dan memberikan lebih banyak ulasan dan informasi terperinci. Kami Akan membantu Anda secepatnya."
Aphem Bunaryanto,1,"untuk depoleper jika kurang puas untuk memainkan gem sendri knpa hrus d buplikasikan jika bot""sistem sendiri yg ikut brmain?",2026-01-05 23:25:16,
Farhan Ardiansyah,5,cape sumpah udh tier legend 1 bintang 5 malah turun legend satu bintang 1 setiap mau ganti tier lawan nya ga ngotak tim nya dongo heran udh mau mytic awal season malh bikin frustasi,2026-01-05 23:24:35,
Ahmad nazili Nazili,1,jangan beli skin m7 itu skin kutukan gw dari legend 1 sampe legend 5 matchmaking ga sesuai lawan ga sesuai gw pindah honor of king aja,2026-01-05 23:24:31,
Medina Kamil,5,game nya sangat mudah cocok buat orang yang mau ngilangin stress,2026-01-05 23:22:37,
Mifbachrul Anam,5,ok ok ok,2026-01-05 23:22:28,
Ibrahim Arkha,1,"jujur sekarang ml persaingan udah beda, tim kita baru ke legend bisa jadi musuh nya x imo, pokok nya ngasih perlawanan nya sekarang ga logis.",2026-01-05 23:22:22,
Wekstyle Aris,3,kondisikan lah sinyal nya jelek bngt gajelas sinyal full tapi pas main rank sinyal nya gajelas jadi susah buat war kalau sinyal nya kek gitu,2026-01-05 23:22:10,
Dafi•Luffi Ramadhani,1,"to lol MOONTON, main solo sering di kasih teman bot, game mulai gak masuk akal cuma mentingin orang partian, to lol",2026-01-05 23:20:31,
Ikwan Irawan,2,"seharusnya para player2 yg melakukan feeder bila di repot itu acc, sering kali saya bermain mendapatkan tim yg selalu ada player feeder, tiap saya repot itu tdk pernah acc, mohon diperbaiki lg syatem moonton",2026-01-05 23:19:00,
Langshiki 906,4,min saya ingin verifikasi 2 langkah itu di hilangkan karna gk semua orang masih megang email nya saya merasa kasihan dengan teman saya yang kena verifikasi ke 2 tapi dia sudah tidak ingat dengan email nya jadi mohon untuk di hilangkan saja verifikasi ke w nya🙏,2026-01-05 23:18:53,
Satrio Budi Harjo,5,👍👍👍,2026-01-05 23:18:48,
Ucok Jancok,1,moonton kalo bikin game ngotak dikit masa gw maafin musuh nya jago semua,2026-01-05 23:18:03,
Big Money,1,"kalo udah 6 kali menang pasti di kasih tim nub, monton gak guna",2026-01-05 23:16:16,
Fauzi Fernanda,1,padahal tidak melakukan kecurangan score kena ban sampe 27thn parah banget,2026-01-05 23:14:52,
Neneng Krida,5,game ini sangat bagus wajib kalian download game sangat seru,2026-01-05 23:14:07,
initial E,3,masa 2 x dri mytik kelegend mulu.dapet tim sampah trus.yg bnerlah KLO ngasih tim.dpt tim bgo2 bner.rusaklah game ni.,2026-01-05 23:13:58,
Zhulfikarn Nunu,1,"woi lah apaan sih moonton dikasih teman yang gak seimbang ama musuh, tolong perbaiki lah moonton kalo emang gaada perubahan mending gausah download game nya apalh match kalah 3 menang 1 apalah tolong berikan teman yang seimbang sama kita dong",2026-01-05 23:10:17,
•Grizy•,3,"monton kalo ngasih tim yg seimbang lah, gw udah muak kalah mulu dapet tim ke computer 😒",2026-01-05 23:10:01,
Siti Atikah,5,SISTEM LU BENERIN MONTONNN GUA NABRAK MENTOK MAWI TERUS GAME ANEHHH LOOLLLLLL CAPE SENDIRII GUAA,2026-01-05 23:08:55,"Halo Kak,
Kami berkomitmen untuk menciptakan lingkungan permainan yang adil.
Terima kasih atas dukungan Kakak yang terus-menerus!
Hubungi kami CS in-game dan berikan lebih banyak feedback agar kami bisa membantu secepatnya.

Tim MLBB"
Davin Nathan,1,ga adil matchmaking,2026-01-05 23:08:34,
Monyetbego 002,1,game bocill,2026-01-05 23:07:13,
sigma,1,"event udh bagus tapi masalah jaringan masih jelek, mau pakai Kouta, wifi, masih saja nge-lag, dan nge-lag nya hanya di dalam pertandingan, sebelum update ke season 39 tidak ada masalah jaringan sama sekali, perbaiki dan update server nya, SEGERA!!. ini demi kenyamanan kami semua:)",2026-01-05 23:06:37,
Lidia Surya,1,tim gak kompak main sendiri sendiri engak mau bantuin lane yang kalah minimal ngasih tim yang bener tim sendiri kayak sampah tim musuh jago-jago minimal ngasih tim sendiri ama tim musuh yang imbang dong,2026-01-05 23:05:43,
Ibnu,5,tolong lahh banyak dark system ini saya main 100match pun tetep legend gimana ini,2026-01-05 23:05:22,
Marianus Bekcham,1,"mohon diperbaiki, matchmaking nya",2026-01-05 23:03:54,
Muhammad Jepri,1,game burik udah 2 Minggu dapet tim bot trus,2026-01-05 23:03:04,
Misbak Misbak,5,good,2026-01-05 23:01:56,
Oteng Sulaeman,5,saya sangat senang dan saya sangat terhibur dengan mlbb dan dengan kondisi grafik lumayan lh,2026-01-05 23:00:52,
Rondin Setiawan,1,buruan hapus geng ga bener ayo hapus secepatnya,2026-01-05 22:58:50,
Sandiaga Uno,1,game sampah yang banyak sekali orang yang dark system bahkan lovers,2026-01-05 22:58:34,
Ujang Muhamad,1,udah rusak nih ML tiap main solo ketemu derak sistem mlu cape bener bener udah rusak ML ini,2026-01-05 22:58:03,
Jung Ahyeon,1,Game apa an ko akun gue di ban dengan alasan saya make chet ... padahal ga sama sekali...terus klo mo naik ke mitik atau legend pasti di kasih tim yang ngga jago mnang kalah trus males..,2026-01-05 22:57:44,
Syarif Hidayatullah,1,"ml gk jelas main solo ketemu trio aneh game aneh game rusak semoga banyak yang pensi dari ml keramat ayo kawan"" pensi dari ml terkutuk ini",2026-01-05 22:55:45,
Rahmad Ridho,1,ml kon*l gak jelas kek PP* kasih balak tu yang pas monton anak yatim,2026-01-05 22:55:08,
Yuda MMK,2,"Woilahhh🗿🗿, damage glowing wand bisa di buff dikit ga njing?!, gw yg selalu pake glowing jadi kesusahan anj ngasih damage nya. dah gitu ni lagi whising lantern. makin gaada rasa tempekkk😡😡😡😡",2026-01-05 22:54:54,
zahrotussita zahro,5,sukaa bgtt tapii ada kesel ny juga bintang ny selalu naik turunn tapiii akuuu sukaa bangetttt bangett bangett i like ML 🫰🫰,2026-01-05 22:54:21,
Amon Amon,3,"gua kasih bintang tiga karna kenpa coba? karna argus ga di buff hahahahahaaha yang di buf hero yang lain mulu, plis dong abang muntun hero argus buff dong jangan di rivem",2026-01-05 22:53:20,
Orang Sunda,1,tolong cariin temen yang kaga ngetrol dah ngen*******0t,2026-01-05 22:53:07,
Akhmad Hadi,5,sangat suka,2026-01-05 22:51:06,
Fahmi abidillah,1,gajelas lu,2026-01-05 22:51:02,
Yatih Yati,4,banyak player darksistem di ban aja monton kalo gitu gangu org ngepus,2026-01-05 22:50:46,
Ziovan Arya Satya,1,"kalo ngasi team yang adil, giliran 1 lagi mytick di kasi team nya bot semua jangan download, game ga adil",2026-01-05 22:49:44,
Nazari Rafii,1,"monton tidak jelas. rank legend ,dapat satu tim sama epic",2026-01-05 22:47:57,
Syafiiq Az zukhruf,1,"game aneh, suka ngaco kalo ngasih musuh ama tim. saya sarankan jangan download game ini karena kurang edukatif dan mengandung kekerasan baik di game maupun dampak di real live nya sangat negatif",2026-01-05 22:47:28,
Pahmii,1,sering ketemu orang yang rank nya di bawah kita sedangkan musuh rank nya diatas team ku semua match nya gajelas tolong moonton diperbaiki sistem matching nya cape ngegendong tim yang gabisa main semua,2026-01-05 22:46:26,
ArKnight,1,Game jelek banget matchmaking gak imbang sama sekali,2026-01-05 22:45:23,
Khofifah Akhlakunisa,1,"asli lama lama males main ML . isinya dark system semua,,, udah disering sama monton.. ,,, menang 1x. kalah rattusan kali",2026-01-05 22:43:16,
Abi Bayu,1,game haram,2026-01-05 22:43:15,
Suman Bwi,5,"saya sarankan Tambahkan Syarat permainan 18+ karena game ini sangat toxic dan tidak ramah,bahkan banyak sekali dark system yg tak sesuai rank dengan skillny",2026-01-05 22:43:10,
Mulki Alhamzah,1,banyak dark sistem,2026-01-05 22:42:23,
M.Luthfie Zaidan,5,"monton babi kasih gw kalah terus,tapi enak game nya dapat skin gratis colector",2026-01-05 22:42:12,
Mas Anan,5,ok,2026-01-05 22:42:11,
Dila,5,aku suka,2026-01-05 22:41:49,
Rojher Rojher,1,"Pada dasarnya sistem game doktrin sampah yang menjijikkan.. Di paksa tunduk dengan sistem penyimbang macthing, bukan lagi skill bermain melainkan doktrin sistem tersebut.. Doktrin dianogsida. Saya menyatakan perang terhadap sistem game ini...!!",2026-01-05 22:41:41,
Tera Janah,4,gameenyaa baguss tapiii monton nyaa citurr,2026-01-05 22:41:12,
Sukriya Juhari,5,"game yang tidak ramah untuk player solo, rank seperti di setting untuk stag, semakin lama bermain semakin banyak kehilangan bintang, pembagian tim terasa tidak seimbang, solo VS duo/trio, game MOBA paling mengesalkan di dunia.",2026-01-05 22:40:03,
Azzam Pratama,1,"GAME INI BUAT SOLO PLAYER NGGA COCOK, KARNA BAKALAN DI KASIH TEAM YANG SUPER DUPER TOLOL. JADI, KALAHNYA BUKAN KARNA LAWAN YANG SUSAH TAPI LEBIH SERING KARNA TEAM YANG TOLOL...!!!",2026-01-05 22:38:52,
wildan Ismail,1,parah bener inih ml masa saya kalah terus daf tim nya yang baru maen,2026-01-05 22:38:33,
Ega Pratama,1,tolong lah kalo udah menang terus jangan kasih tim epicc,2026-01-05 22:38:30,
Zorneo,1,"ketemu sun roam, ixia roam, dpt roam hc sama sobri mainya dongo giliran musuh jago tolong lah moontod player yang kaya gini di ilangin do ban lah",2026-01-05 22:38:24,
Robi Pratama,1,Moonton goblokkk,2026-01-05 22:38:04,
Marcelino Tandea,1,"pembagian team tdk seimbang, se team bot team lawan pro",2026-01-05 22:37:57,
Rangga Hadi Wijaya,2,lost streak 10 kali 😁 sangat luar biasa ini game mempertemukan dengan musuh yang di luar nalar semua,2026-01-05 22:37:25,
Slebew Niann,5,sangat seru bisa offline walaupun musuh nya agak susah tapi tetep debes,2026-01-05 22:37:24,
zuyin,1,kok bisa ya solo semua mytic bisa 1 tim sama legend V ngotak dikit ngapa monton,2026-01-05 22:37:16,
Aldi Patingke,2,"monton anjj masa di Kasih menang 1 kali kalah berkali"" padahal timku gg",2026-01-05 22:36:24,
Dede alvin,1,"sangat mengecewakan tim tolol bodoh yang tidak seimbang, sudah tidak waras ini game tim aneh game tiba tiba berat ping bagus, game ini tidak nyaman buat tim solo buat moonton suka suka mu lah buat kecewa pemain goblok.",2026-01-05 22:35:57,
Astimon Astimon,1,perbaiki lagi jarigan ya muntun aku korban jarigan karna jarigan aku kena kombek.padahal hijau pas ku tindis munsul merah bagi mana ini aku kasi bintang 1 aja,2026-01-05 22:34:07,
Ninung Tampilang,5,Game nya mantap saya suka 👍👍👍👍👍,2026-01-05 22:32:14,
Yasir,3,"moonton gila, di kasih tim anomali terus gue",2026-01-05 22:31:36,
Raihan,5,"untuk gameplay jelas tdk seimbang mending ke sebelah (ytta) dan akhir² ini ada bug yg meresahkan sama kekuatan sinyal yg melemah d saat bermain,saat buka aplikasi lain aman aja sinyal tolong di perhatikan lagi kalo gini terus mending pindah game sebelah (ytta)",2026-01-05 22:30:53,
Gemilang Bagus,1,jelek bgt 😒😒😒😒😒,2026-01-05 22:28:27,
Ikhnan Anjuba,1,eh montonn bangke gua knp jarigan gua ngeleg mulu kalo main game ml sedangkan yang lain enggak,2026-01-05 22:27:14,
Benjamin,1,matchmaking benerin,2026-01-05 22:27:08,
xt 23,4,"capek dpt tim ampas... bisa minta bikin server lain gak.. biar yg tolol"" itu pindah ke server khusus org tolol",2026-01-05 22:26:44,
Rami Najwa,5,bagus banget,2026-01-05 22:26:08,
ABID SHIDQII MUSYAFA,1,game buat stress doang,2026-01-05 22:25:35,
wahyu,2,diamon gratis,2026-01-05 22:25:14,
Ayam Goreng,5,"kalo orang main solo tuh jangan di kasih dark sistem lah ,yang gk bisa main lu kasih jadi tim gua,game ampas game ampas",2026-01-05 22:25:03,
Jrmbut Pea,5,"sistem nya benerin dong, masa di kasih temen nya bot terusss!. terimakasih",2026-01-05 22:24:53,
Ridzz Ridzzz,5,bagus,2026-01-05 22:24:17,
Ayah muda,1,tapi lu baik bgt kasih lah tim yg bagus,2026-01-05 22:23:55,"Halo Kak,
Kami mohon maaf atas pengalaman kurang menyenangkan yang terjadi.
Bisa bantu kami dengan mengirimkan screenshot atau detail lebih lanjut lewat CS in-game?
Ini sangat membantu kami memperbaiki permainan.
Terima kasih!

Tim MLBB"
Wanda Sulfa Pratama (Wasp),1,Game sampah,2026-01-05 22:23:10,
Diazke Renz,1,intinya game ini kurang memuaskan,2026-01-05 22:22:43,
Bang Bewok,1,saya kasih bintang 1 karena mau mytic tmn nya si kasih trol masak udah bintang full sampai bintang 1 gak pernah menang,2026-01-05 22:20:33,
Elvan Super,1,game tai..,2026-01-05 22:20:05,
Yanti Mulyati,5,seruuu,2026-01-05 22:18:51,
Nur Efendi,1,Stelah pembaruan susah masuk,2026-01-05 22:18:42,
Farda Faradina,5,𝒃𝒂𝒈𝒖𝒔,2026-01-05 22:17:55,
Sadira Zahran,5,bagus game nya dan fitur fitur nya,2026-01-05 22:15:52,
Lynnn,1,game gj banyak bug oon,2026-01-05 22:15:20,
29_Rafi Aqil Wibowo,3,"dear moonton, tlong difix masalah jaringan, ini ganggu banget waktu pas main in-game. Sama tlong upgrade server dan enginenya, masa game udh mau 10th masih pake engine yang sama dan kualitas server yang kecil.... stop udh mikirin yang hp jadul, udh bukan waktunya lagi buat ikutin itu, zaman udh berubah jadi lebih dioptimasize lah nih game semoga feedback ku didengar.",2026-01-05 22:15:10,
Brandal,1,game TAEK!!!,2026-01-05 22:14:35,
Wawan New,1,benerin matchingnya,2026-01-05 22:14:22,
guinyumec,1,game taii asuu,2026-01-05 22:14:02,
Mis Ul,5,kualitasgrafis bagus dan seruuuuu,2026-01-05 22:13:56,
gokgok,5,server nya sering ngeleg ga jelas padahal main game lain ga ngelaeg,2026-01-05 22:13:47,
Gladys Wandayani,1,"game gjls, game haram, game stress. jgn di download guys banyak org stress disini",2026-01-05 22:12:55,
Tb Inti Djaya,5,Ok,2026-01-05 22:12:21,
yunan lesmana,5,game ini bagus dan seru,2026-01-05 22:11:17,
Arr 13,1,SISTEM TAIIIIII,2026-01-05 22:10:36,
Agung,1,INI GAME GA ADA KATA MENANG NYA TD GUA MAIN YANG NAIK CUMA DOSA,2026-01-05 22:10:18,
Vynha Kea,2,gem nya seru tapiiiiiiiiiiiiiiiiiiiii banyak ngelek nya,2026-01-05 22:09:52,
Naufal Limbong,1,gk sesui harapan,2026-01-05 22:09:23,
Riva Diki,1,wah game ini bagus banget karena banyak light dark sistem nya aku kasih bintang lima 🥰 game gila,2026-01-05 22:09:03,
Fauziah Muzuni djaafara,1,kapan collab sama boboiboy??😁😁,2026-01-05 22:08:28,
Rizki Rizky,1,game jelek ngasih tim gak bener perbaiki ini keluh kesah player di seluruh dunia main solo kayak neraka klo GK di benerin ini bakal jadi game sepi lama lama orang orang emosi main solo lama lama trus hapus ml dan ganti game online lain,2026-01-05 22:07:38,
Nayla Ayudia,5,game nya baguss walaupun lawan nya ngeselin,2026-01-05 22:06:33,
yes rpp,1,ml sekarang banyak bug nya dan kadang server nya lag,2026-01-05 22:05:52,
sipaling Turu,1,gem jahanam ketua udah muak dengen anomali solo renk,2026-01-05 22:04:13,
Kang Mulet,1,GAME LOLL MAIN 1 BULANG GAK ADA YANG MENANG,2026-01-05 22:03:58,
Indra Saputra,5,monton pliss baca pliss di tenggepin nih gw tuh selalu ketemu bot botnya di tim gw itu maksudnya apa ya di kasih bot lu mau kita marah marah biar terus main lagi heh monton benerin lagi dong matchmakingnya ga bener suka ketemu bot di tim sendiri gw tau lu mau ngejebak biar kecanduan tapi ngapain kaya gitu caranya pliss benerin lagih ilangin bot kaya gitu ngecapein aja......,2026-01-05 22:03:51,
Sheeesh,1,"game ampas, banyak pemain yg kesusahan bermain dikarenakan mendapatkan tim beban, dan mlbb seperti game judi/judol kenapa? karena setiap melakukan spin atau apa pasti itu sudah di tentukan oleh developer! itu sama saja seperti judol, game sangat ampas.",2026-01-05 22:03:45,
Afifah Nafisah,5,Bagus banget Pengen semuanya Hero jadi Gratis 🤭,2026-01-05 22:03:40,
Prabu Assahel,1,tw ah,2026-01-05 22:02:24,
Zakky Mubarok,1,game bagus game hebat👍,2026-01-05 22:02:04,
Rizal Gijang,1,game sampah banyak bug setiap seson ada aja bug nya jadi risih trs sinyal bagus tiba tiba ngeleg,2026-01-05 22:01:50,
Razid rass29,1,ngasih tim gakjelas mulu,2026-01-05 22:01:17,
Bagas Saputra,1,"kalo kasih team jangan yang kebanyakan bego Moonton,,Lu Atur permainan Kita,Lu atur server kita,Hey moonton elu itu bego apa gimana,kalo dikasih team gitu mulu orang pada uninstal",2026-01-05 21:59:18,
Dina Susila rini,1,Sistem Dajjal masuk pertandingan j g bisa2 & berkali-kali padahal sinyalnya bagus & HP mendukung.,2026-01-05 21:58:31,
Rasya Abdilah,5,bagus main game ya,2026-01-05 21:57:44,
Adhis Wigi Akmal,1,Sangat buruk! Pembagian tim yang tidak seimbang membuat bermain sangat TIDAK MENYENANGKAN!.,2026-01-05 21:57:15,
dewa arjun,1,"Your game is now getting worse and there are lots of bots. If you want to make a profit, don't just do whatever you want. Players will get tired after a while if it's like this, your game will be quiet.",2026-01-05 21:56:31,
Zafran At saqif,5,game sangat bagus untuk bertanding 🥳,2026-01-05 21:55:44,
Muhammad Rizal,5,game ini sangat bagus semoga tahun depan makin bagus,2026-01-05 21:55:05,
Faiz Sauqi,1,game ini membuat saya semakin stres,2026-01-05 21:52:41,
Ridho okta,1,login akun ke hp 1 ke satu ny lagi di persulit oleh monton eror eror kepala Lo aj lh yg eror,2026-01-05 21:52:08,
Refdi Melindo,1,ml saya kok tidak bisa d buka?,2026-01-05 21:52:02,
Agung Dslow,2,game aneh buat setres orang ini yg buat game aneh gak kasian Ama anak kecil hp nya di banting karna main game ini kenapa bisa karena gini misal kita mau turun nah ini game kasih menang dan pas udah pul Bintangnya malah kalah kan kesel ulang dari awwal Dede,2026-01-05 21:51:47,
Ali Ali,1,"cape gw lose trek terus, game ga adil, dapet tim nya bapuk terus",2026-01-05 21:51:34,
Kona Dhot,1,saya mau legend moonton.kalo mau ngasih yang drak sistem nanti aja di mityc.dan kenapa setiap saya mau legend harus ada yang b90 gitu??,2026-01-05 21:51:23,
fadil gendut,1,cape banget main game ini,2026-01-05 21:50:58,
Arjunansyah,1,makin lama makin payah.... rank yg d pertemukan kadang tdak sesuai... solo ketemu parti...,2026-01-05 21:50:22,
M.Saiful ulum,1,isinya cuma dark system,2026-01-05 21:50:16,
Anton Wahyudi,5,sangat bagus. tapi sayang jaringan sering lag.,2026-01-05 21:49:13,
Dirga Wimantara,1,bisa ngga kalau main solo itu liat Liat statistik permainan statistik gua bgus malah dapat bocah laknat mulu,2026-01-05 21:48:55,"Halo Kak,
Kami mohon maaf atas pengalaman kurang menyenangkan yang terjadi.
Bisa bantu kami dengan mengirimkan screenshot atau detail lebih lanjut lewat CS in-game?
Ini sangat membantu kami memperbaiki permainan.
Terima kasih!

Tim MLBB"
DARA TRIYASMINA,1,"Wowww, ml kenapa sih dapet tim nya yang bot, dongo",2026-01-05 21:48:49,
Corat Coret,1,"Gak ada perubahan, sinyal in game parah.... Anehnya buat youtube aman2 aja, gak ada perubahan, tambah males main feeder jg makin banyak, pensiun gua main game ini, semakin banyak player ngetrol tambah yakin buat pensiun",2026-01-05 21:48:10,"Dear Hero, terima kasih, dukungan Anda kepada MLBB. Kami akan terus melakukan peningkatan pada game karena kami ingin menawarkan pengalaman gameplay terbaik untuk pemain.Mohon laporkan permasalahan kamu ke CS-InGame dengan menggunakan form yang sesuai dengan masalah kamu. Hormat kami -- GM Nana"
Ridho Nf,1,Game-Nya bagus jadi Aku kasih rating 5,2026-01-05 21:47:56,
Pradika Ayuwara,5,kenapa gak bisa masuk lewat fb?,2026-01-05 21:46:59,
Rohim Rohim,1,game tai,2026-01-05 21:46:20,
Anggi Fauji,5,moonton tolong tingkatin damage Granger kecil banget padahal udah pake sea healberd tapi gak tembus ke Hero tank jadi tolong taikin damage Granger atau taikin item item nya tolong banget,2026-01-05 21:45:55,
Ariya Marsha,1,game rusak,2026-01-05 21:45:29,
Gibran Alindra,5,bagus,2026-01-05 21:45:13,
Agusnar Ngl,5,seru,2026-01-05 21:44:42,
Devan Arya,1,orang main solo ketemu party Mulu anj,2026-01-05 21:43:25,
Zunet,3,game nya gua suka tapi ada ngeleg nya dan bagi skin moonton sia mah te mere mere skin Patrick dan Spongebob,2026-01-05 21:42:50,
Handika Saputra1,1,jelek,2026-01-05 21:42:11,
Nzjw Rch99,1,"stiap ikut event mau beli skin sistem tukar crest gk prnah hoki,selalu ampas,busuk,moonton kikir,sekali dua kali msih gkpp gk hoki,TPI INI UDH BERKALI KALI YAA!!!!MIKIRRR LAAA,YG KATANYA SISTEM GRANDCOLECCTOR LBIH MURAH,HOK CUH,DRIMNA MURAHNYA HA???ITU TERGANTUNG HOKI MASING MASING!!!BALIKIN SISTEM COLLECTOR KE AWALLL!!!",2026-01-05 21:42:06,
Tolong kaki Saya sakit,5,bagus,2026-01-05 21:41:52,
Joko Kevin,1,masa solo vs team ya kalah terus lah sistem t4i,2026-01-05 21:41:39,
Saropah,5,nice,2026-01-05 21:41:13,
Dimazh halle,1,kenapa saya kalah terus monton tolong lah ini KLH mulu cape juga main emng game GK guna,2026-01-05 21:41:05,
Rani Ci cikal,1,"benerin sistem muntun, masa dapet tim epic mulu, dislike",2026-01-05 21:40:31,
Gg_Nur,1,"macthmaking paling buruk dibandingkan MOBA lainnya, beliau mengira kita bisa gendong 4 orang makanya dikasih tim yang beda jauh baik rank maupun stat para pemain, contoh seperti saya bermain duo rank glory dan temen saya honor ex imo, bener ketemu honor tpi sisanya ada yang mytic Mawi dan legend dan itu ex nya kalah jauh dibanding musuhnya",2026-01-05 21:40:11,
jaa,1,"tolong di kondisikan tim nya, saya stuck di grading dapet nya tim komputer terus, kenapa harus ada computer/ bot?, game nya sepi kah?, tolong di kondisikan tim nya gaadil, musuh dapet nya tim bagus terus, TOLONG MOONTON DENGAR KAN DERITA PLAYER SOLOO, KASIH TIM YANG BAGUS",2026-01-05 21:39:50,
Gilang Dharmawan,1,makin hari kayak jahanam jk game kau nih,2026-01-05 21:39:07,
jami ilyasin,1,kalau bisa perbaiki jaringannya setiap main ngeleg Mulu kagak ada yang bagus jaringannya dan nggak ngestuck terus kalau pake wifi mau pensi dulu udah cape Ama jaringan nya terima kasih moonton atas pengertiannya,2026-01-05 21:38:41,"Halo Kak,
Kami mohon maaf atas pengalaman kurang menyenangkan yang terjadi.
Bisa bantu kami dengan mengirimkan screenshot atau detail lebih lanjut lewat CS in-game?
Ini sangat membantu kami memperbaiki permainan.
Terima kasih!

Tim MLBB"
Rizki Ryan Ramdhani,1,matchmaking nya bnerin.. main solo ktemu tim duo atau trio mulu.. mana mainnya gk bener.,2026-01-05 21:38:22,
Ahmadwahid Faiz,1,"game kikir kasih ls trs aja sampe gw stres lama"" gw hapus juga ni game mls main di kasih ls trus mmk",2026-01-05 21:38:10,
Elly damayanti pohan,5,game nya bagus tapi kok susah nya,2026-01-05 21:38:09,
Leonzend,3,ya game ini memang bagus sih tapi saat aku main kok jaringannya nggak bagus padahal jaringan saya 65ms tolong di perbaiki ya moonton😠😠😠😠😠😠😠😠😠😠😠😠,2026-01-05 21:36:48,
Azka Azka haikal rahman,1,gara gara lu montoon gw ketinggalan jauh sama temen gw. temen² gw dh pada legend gw masih epic. tolong memberi lawan yang seimbang gw kesel bangett sumpah... udh naik legend turun lagi ke epic. bukan 1 kali doang. tapi 6 kali turun epic terus. 😼😻😽😹😿😸😻😿😼🙀😼😿😹😿😹😻🙀😼🙀😼😾,2026-01-05 21:36:25,
Abidzar Ali Al-ghassani,1,"pahit wok, dapet tim penghuni asli tapi tim musuh ex imo 300+",2026-01-05 21:36:16,
Slow Awal,5,Kenapa saya sudah bind akun ke facebook tapi 5idak mendapatkan diamond ?,2026-01-05 21:35:37,
Gattan Arienda,1,GAME HARAM,2026-01-05 21:34:43,
Agung Saputra,2,"Tolong dong kalo udh dapet Lane masing masing di kunci Hero selain lane nya, terutama Roamer masa maen ketemu roam Layla, Mending Hero non Tank atau roam nya di kunci biar ga banyak orang yg ngine make Hero MM di jadiin roam",2026-01-05 21:34:06,
Excel Drys,1,tolong benarkan sistem mu moonton dalam matchmaking dan draft pick lebih baik dilakukan perubahan ban 20 dan yang main berupa 10 orang itu lebih efisien dan relaktif karena heronya juga banyak satu lagi coba bikin match sesuai dengan rank nya yang saat ini sesuai yang bikin room rank nya apaa yaudah lawan nya juga rank nya itu satu lagi benerin sistem lu terutama sistem jaringan skrg padahal jaringan oke paket data wifi oke tapi masih aja ngelag dan nge frame mau nya apaa mau player nya hilang,2026-01-05 21:34:00,
7K_21_ ILYAS RIZKYAN THOHARI,5,player nya gak mau kontribusi suka afk,2026-01-05 21:33:12,
Orlando,5,makasih moonton sudah memberikan tim dengan SDM tinggi saya sangat senang,2026-01-05 21:32:23,
ria arianti,1,"game cacat,klo jago di buat cacat sama sistemnya,damagenya di kurangin,klo g di kasi tim cacat,level 14 by1 level 9 kalah telak level 14,level 10 damagenya 130 kan tolol,banyak bgt cacatnya sampe g ketulis semua,biar nagih y.hahaha g jelas ini game perusak moral ini",2026-01-05 21:31:44,
Ronaldo Siuu,1,moonton bercandaa,2026-01-05 21:30:55,
Pandu Pamungkas,1,matchmakingnya gak seimbang,2026-01-05 21:30:03,
Kailzz KynzzX,5,Game Kikir!!!!!,2026-01-05 21:29:41,
Radit ya,1,ini pvp apa p v com?,2026-01-05 21:29:26,
Novi Artha,3,Game Sangat membuat saya pusing karena jika saya main solo kadang musuhnya Pro tetapi tim saya yg Dark system kadang jika solo kadang 2 jam masih sama bintang rank nya mohon moonton kasih tim yg bagus biar gamenya tambah rame,2026-01-05 21:29:08,
Nursiah Nur,5,mantap,2026-01-05 21:28:56,
KeViN,2,DEAR MOONTON! Perbaiki sistem matchmaking yang jelas! aku udh capek liat history kalah! aku udh main serius! PERBAIKI!!!!!,2026-01-05 21:28:50,
Sea Balqis,5,plisss game nya seru banget walau rank nya naik turun bikin darah tinggi tapi game ini ada kala nya penghilang stres ada juga kalanya pembuat stres tapi ini seru banget udah mah moonton nya ga plit ngasih skin gratis gratis intinya bagus bgtt harus download,2026-01-05 21:28:07,
Abang Dol,3,sering lag di tengah pertandingan,2026-01-05 21:27:33,
cah wonosobo singkir,2,maap maap ni monton setidak nya buat fitur yang buat hp ram kecil bisa main lah masa hp gua habis riset buat main aja susah jalan aja susah monton gerakin analog kayak bawa beras 1 ton gila,2026-01-05 21:27:19,
N Sem,5,oke banget mantap seru,2026-01-05 21:27:06,
C Ponsel,5,game yang sangat ramah sangat dianjurkan untuk dimainkan ank ank agar adap dan skil ank meningkat,2026-01-05 21:26:58,
fatirhizam Salahudin,1,banyak draksistem,2026-01-05 21:26:36,
Ramah Dayanti,5,sangat bagus,2026-01-05 21:26:15,
Andrian Permata,5,bgus,2026-01-05 21:26:03,
Wjay Anto,2,dikasih tim beban Mulu main solo ditabrak squad,2026-01-05 21:25:31,
surya forgame,1,"saran adakan fitur buat yang afk, kadang game yang ga bisa di pause itu jadi susah jika ada keadaan darurat, misalkan saya afk karena disuruh otomatis dimainin oleh bot, nah disitu sebelum saya afk seharusnya ada tombol afk sebentar, supaya gamenya tetap berjalan. ini fitur lumayan cocok untuk yang setiap hari selalu ada saja hal mendadak jadi ga perlu mikirin skor kredit",2026-01-05 21:24:40,
fatirai ahmad,5,sangat menghibur di saat pulang kerja,2026-01-05 21:24:38,
Lokasi,1,"masalah jaringan , baru aja beli Kouta pas main malah merah jaringan nya jadi tolong ya monton tolong di perbaiki masalah jaringan",2026-01-05 21:24:04,
My Melody,1,"EVENT MULU YANG DIBANYAKIN, MATCHING NOH BENERIN. NGURAS DUIT PALING LIHAI, BENERIN MATCHMAKING PALING ANJAY",2026-01-05 21:23:48,
smp2 babat,4,"game nya bagus dan seru tapi,jgn lah kasih drak sistem Mulu munnntunnnn🙃",2026-01-05 21:23:39,
Memet,5,"MANTAP,hp ku aja patah patah gara ini game sampai kenak ada tompel di hp. sekian dari saya saya ucapkan terimakasih",2026-01-05 21:22:48,
jagoan neon Gaming,5,permainan nya bagus dan sangat ramah saya baru saja naik ke glory lalu setelah naik ke glory di kasih losetrek 28× dan menang 2× ini game nya bikin stres tapi aku seneng dan ketawa ketawa sendiri gak jelas di kamer,2026-01-05 21:22:41,
Skayzo Xyz,5,gem rusak banyak ngeleg,2026-01-05 21:22:18,
abdillah Muhammad,1,"game ga jelas sistem ga jelas masa gw di kasih tim jelek giliran musuh bisa main sistemnya ga imbang, mohon di perbaiki",2026-01-05 21:21:38,
"Rifal : Hp,Tiktok,bljr",1,"game gajelah di kasih tim ngga adil, terus pas mau war tiba tiba lag sinyal",2026-01-05 21:21:30,
Rizal Alan Saputra,3,"game bikin stres ,minimal kalo di rank legend ke atas kasih tim yg sepadan lah moonton",2026-01-05 21:21:27,
Tiara Muis,1,"kebiasaan banget kalo ngerank jaringan nya kek anj lah moonton plis banget padahal gw make wifi terus juga Wifi-nya aslinya gk knp² tapi kenapa pas giliran ngerank jadi ngelag gitu, kalo lu PNGN rating nya gw naikin plis perbaiki lagi masalah jaringannya",2026-01-05 21:20:39,
iniasep 25,1,game gajelas tim nya kocak semua giliran musuhnya jago jago,2026-01-05 21:19:38,
Agus triynt,1,"game aneh, gak rekomen",2026-01-05 21:19:05,
Fikri Iki,5,"gem nya bagus ya gitu,tapi plis kasih lawan nya yang seimbang jangan pilih kasih monton,kadang ada tim yang oon tadi tim musuh jago jadi sussah buat maen nya",2026-01-05 21:18:37,
ƦЄƉ SkนlL,1,udah main ml paling bener main solo pensi aja game udah GK sehat,2026-01-05 21:17:45,"Halo Kak,
Kami mohon maaf atas pengalaman kurang menyenangkan yang terjadi.
Bisa bantu kami dengan mengirimkan screenshot atau detail lebih lanjut lewat CS in-game?
Ini sangat membantu kami memperbaiki permainan.
Terima kasih!

Tim MLBB"
Rivaldi Rivaldimaulanayusuf01,1,matching rusak,2026-01-05 21:16:51,
Jackie,1,Game sekelas PUBG aj yang notabene nya FPS bisa stabilin jaringan buat player yang ga ganggu dan ngaruh soal device ny lah ini moba burik plagiat yang region ny cuma asia tenggara aja ga becus nyetel jaringan eh ngaca dikit moba burik.... event boleh banyak seenggak nya system dasar lu beres rapi ga belepotan update banyak... system operasi ny gitu gitu aja lu kira jaringan stabil di semua daerah? goblok nih developer ny apalagi habis update tiba tiba bgt kek kontol jaringan ny,2026-01-05 21:16:45,
Feri Ant,1,game stres,2026-01-05 21:16:20,
Warso Upoyo,1,dikasi tim epik abadi tapi musuh mantan miytik kalah Mulu wr turun gak usah download stres,2026-01-05 21:16:14,
STOK EMEL SEKIN 202,1,kusus montol lu kalau ngasih tim yang bener dikit GK setara sama tim musuh GK adil ini ya kali main trio di kasih partiy ya kali main di kita di kasih tim baru main GK pecus main di kasih yang setara lah dan seadil adil nya biar makin banyak yang suka bukan bikin seneng bikin gila di bener rin lagi ya sistem nya,2026-01-05 21:15:58,
Sky Ling,3,jaringn jlekk ping gak stbil...ganti server bnerinn,2026-01-05 21:15:36,
Ihsan Alzikri,5,"halo mobile legend,saya sangat senang main game ini,karena game ini membuat stress ku hilang,dan dapat terus tim yang gacor,terima kasih moonton sudah buat game yang sehat ini😊😊😊😊😊😊😊",2026-01-05 21:15:29,
m syaiful haq,1,padahal jaringan bagus tpi malah ngelag,2026-01-05 21:15:29,
Afwan Rs,5,jos jiss pwolll,2026-01-05 21:14:30,
Emperor BRT,1,game bikin emosiii masa tim aku tololll semuaa timm musuh jagoo anjir ngakkk sepadan soloo ketemu party kann anjirr,2026-01-05 21:13:21,
Mohamadjefrii Jefrii,1,Bagus banget dapat tim GG ( Ga Guna) . percma Ga bklan naik bintang yg ada Naik darah . Mantap Game seru di tim lawan .tim sndri kya Orng binggung . dari kemarin smpe skrng ga bkin naik . bkin trun trs .,2026-01-05 21:12:42,
Valen Craft,1,kurangi dari sistem,2026-01-05 21:12:20,
Madrin Barca,1,gem banyak masalah nya analog tiba tiba gerak sendiri siyal tiba tiba jelek pilih kasih saat memberikan tim banyak drak sistem,2026-01-05 21:12:20,
Kolis Kolis,1,"game apa ini main ber jam jam ber hari hari. solo rank lose track kalah mulu. dapat tim kalo drak sistem terus, dan tier rank gak sepadan, cara bermain asal asalan .klo gak saat bermain jaringannya buruk terus, parah banget .. capek capek main menang sekali kalahnya 5X rusak",2026-01-05 21:12:12,
Moh Fikran,1,"nemu tim drak sistem, bukanya terhibur malah stres",2026-01-05 21:11:53,
Muhammad Fahmi Firmanda,1,"game buruk banget kalau ngasih 1 tim enggk lihat server, saya di server lama tapi dikasih tim server baru yng mainya enggk ada skil sama sekali,",2026-01-05 21:10:51,
Fadlan Batubara,1,"kalo bisa setengah aja bintangnya, lu tau gua mati matian jadi roam anak dajjal tiba tiba banget punya kawan kayak tai malas banget gua, mana pas mau naek rank dapat musuh jago temen goblok cape gua cokkkkkkkkk, kalian kalo maen nih game setuju ga kalo kita gebukin moonton pas tidur!!!!!!!!!!!!!!!!!!!!!",2026-01-05 21:09:48,
Rio Mawaldi,1,"Congratulations,moonton mendapatkan penghargaan game dengan macthing ter buruk dalam game moba. Sebenarnya Dark sistem itu tidak ada,ketika lu terus terusan kalah itu memang sudah diatur sama moonton(ada orang dibelakang macthing). Pasti para solo player pernah ngerasa tim tidak seimbang,itu bukan dark sistem melainkan settingan moonton",2026-01-05 21:09:11,
Alir Alira,5,sangat seru banget,2026-01-05 21:08:26,
Desy Anggrainy,1,game ini sangat membuat saya semakin gilaaaa,2026-01-05 21:08:19,
Ayu Mila,1,saya tidak perna menang biar ssekali,2026-01-05 21:08:17,
Rehan Rehan,2,dapat tim gak ada yang bener,2026-01-05 21:07:52,
Abil Farhatan,1,banyak player toxic,2026-01-05 21:06:58,
Syaeful Rokhman,1,"kalo update tuh sekalian benerin masalah jaringan nya dong moonton!! jaringan full tapi pas main malah ngeleg-ngeleg merah sampe 300mps, ini mah dapetnya ngerugiin pemain, ayo lah moonton perbaikin dong masalah jaringan, jangan tampilan mulu yang di bagusin, percuma dapetnya, padahal penyimpanan gw masih banyak banget grafik pun ga gw hd in semua tapi kok jaringan tetep merah terus, gajelas banget sama sistem jaringannya, udah gitu aja kritikan dari saya, terimakasih.",2026-01-05 21:05:43,
Muhammad Wahyu o.,1,"permainan sudah setting sama moonton, masak saya main 3 match dapatnya tim jelek dan kalah terus lagii, game settingan cokk",2026-01-05 21:04:41,
Rizki Cahaya,1,main rank bukan ketemu yg sesama rank malah lebih tinggi .dan di kasih tim ga jelas,2026-01-05 21:04:12,
Stok riper Stok riper,5,SANGAT MENGHIBURR!!!,2026-01-05 21:04:10,
Baahir Arshafali,5,bagus dari pada epep,2026-01-05 21:03:51,
Ibnu hasanudin,2,pembagian match tidak seimbang mending pindah ke game sebelah,2026-01-05 21:03:44,
Alek Utomo,2,tim nya ga sesuai di tim musuh sesuai peringkat di tim kita peringkat bawah,2026-01-05 21:03:26,
Falih,1,game pp lol dog game lag lol bocah,2026-01-05 21:02:38,
Sekayline Putri,1,tolong jangan setim sama epik gm klo kita dah legend,2026-01-05 21:01:30,
Franciskus Charles,2,"game nya bagus grafik nya juga bagus, hero nya keren, cuma kurang 1 hal, banyak pemain yang kurang paham dalam bermain jadi membuat tim menjadi tidak kompatibel dalam play game, kalau bisa ada cara bermain yg lebih baik dan pemahaman tentang build item untuk setiap hero yg ada",2026-01-05 21:01:02,
Arifin,5,bagus,2026-01-05 20:58:50,
Nesta Abizar,5,ok,2026-01-05 20:58:25,
chiyo otoya,5,"BENERIN MATCHMAKING NYAA!!!! YA ALLAH BARU INI BUDREG TUJUH KELILING SAMA GAMEEE, NYEBUT MULU (+NYA BIKIN INGET TUHAN MELULU TIAP MATCH)",2026-01-05 20:58:10,
Wahyu Nugraha,1,GAME DRAK SYSTEM GAME ANOMALI GAME LAPUK...... BANYAK SYSTEM YG GA GUNA ....SEMAKIN SINI MAKIN GA NYAMAN BERMAIN. .CUIIIIHHHHH,2026-01-05 20:58:04,
Attala Rafa,5,game nya seru,2026-01-05 20:57:48,
Uzen Uzen,1,game gk pernah menang kalah mulu developer sok gg padahal kroco buat player kalah karna ya off 1 minggu atau otw hapus,2026-01-05 20:56:09,
Muhammad Syaerozie,5,kasih menang lah monton capek kali akuu mana yg ngechet di biarin asuu,2026-01-05 20:55:21,
Kartini Yz,5,bagus,2026-01-05 20:55:18,
Ramadhan Rafa Susanto,1,gue main game ini gk bikin jago bikin setres tim gk jelas main kalah Mulu,2026-01-05 20:55:16,
justmarco,5,sangat direkomendasikan untuk menghilangkan stres(nambah depresi gw jur),2026-01-05 20:54:50,
Sepul Ged,1,mlbb game tidak adil dalam semuah hal error pembagian tim tidak adil,2026-01-05 20:54:13,
Hasim Adnan,5,terimakasih telah menghibur aku pensi min 😔,2026-01-05 20:53:59,
Yan Iyan,5,game favorite saya,2026-01-05 20:53:35,
Eka Rangga,1,game lawak lawan sama kawan ga seimbang,2026-01-05 20:52:48,
Yoga oga,5,"Game gak ngotak abis reset sesen dapet tim nya gak waras banget ajing renk gua di mentokin Mulu Ama lu biji gim gak ada otdk ,yok yg mau Mabar honor of king gas info info",2026-01-05 20:52:31,
M ghazi,1,karna dikasih tim drak sistem kasih win kek,2026-01-05 20:51:52,
MKS1102,3,"gamenya bagus, tapi tolong jgn berikan bot ketika game anda sepi dan juga jgn berikan player yg masih baru di server yg sudah lama (intinya buatkan server khusus player baru dan lama)",2026-01-05 20:51:43,
Lancel Lot,1,ayolah monoton kami udah lama main kok di kasi lostrek Mulu udah deviloper kikir pelit dan buat montoon jaringan aku bagus tapi kok malah lag padahal jaringan bagus.,2026-01-05 20:51:33,
NockRezz !!,2,untuk montoon mohon segera perbaiki masalah sinyalnya karena saya sangat terganggu dan mengakibatkan performa saya menurun,2026-01-05 20:51:28,
Danny Gana,1,yg mainin game ini gay/lesbian,2026-01-05 20:51:11,
Nafisah 1,1,"WOI MINIMAL KASIH FITUR GANTI AKUN OTAMATIS LAH,, AKUN KENA BAN GABISA GANTI AKUN LAIN",2026-01-05 20:51:04,
dzaky Firjan,1,game ampas kasih tim gk waras ge jadiny turun ke epic.,2026-01-05 20:50:47,
Mohamad Mayzun Ma'ruf,5,gamenya bagus...banyak pilihan hero yang bisa dipakai,2026-01-05 20:50:30,
Ara Aliyah,1,kenapa setiap mau naik rank contoh satu bintang lagi legend kenapa di kasih musuh yang sulit montoon,2026-01-05 20:50:25,
Adi Nugraha,1,"kecewa berat,login skrg malah pake verifikasi email segala,terasa mengganggu",2026-01-05 20:50:13,
Sivana Estu,1,dikasih tim epik abadi tapi musuhnya mantan mitik mikirr kids kalah mvp muluh sampai turun wr jgn donlod stress,2026-01-05 20:50:06,
Fynn Hound,1,"game degan musuh yang tak adil dan tak setara dengan pangkat Reng,dah ini game nga jelas bet dah monton2*",2026-01-05 20:50:02,
Alam Alam,5,gamseru sekali,2026-01-05 20:50:02,
Januri,4,ok,2026-01-05 20:50:00,
yudha Syah putra,1,monton monton gua main game ini kalah Mulu lu GK tau perasaan yg kalah 19 kali,2026-01-05 20:48:15,
Rendi Kurniawan,1,woy monton tolol ini sesoan sekarang lu kasih drak sistem ke gw mulu monton gw jadi males main Pengen udh main mlnya poke semua drak sistemnya,2026-01-05 20:47:56,
Muhammad Adrian,1,"matchmakingnya sampah bener, gila aja dikasih tim yang ga punya otak mulu",2026-01-05 20:47:18,
Bonjovi Uanai,3,tolong server nya tolong dibenerin dong muntun dari kemaren ngeleg Mulu tolong dibenerin ya,2026-01-05 20:46:50,
Anak Crpto,1,"kalok ngasih lawan yg ngotaklah, gua main solo tim nya gj beban kasih lawan satim yg seimbang la monton tolong lah perbaiki makin lama makin males main ml makin stress, bales ya awas lu kalok besok gua main rank kalah lagi, malem ini aja gua udah kalah 14 kali tun gendeng????",2026-01-05 20:46:25,
Feri Buah,1,game Tolol Ga pernah ws perna ls 10000 kali udah naik legend nurun epik lagi game haram buat game yg BNR Napa lolot,2026-01-05 20:45:37,
Muhammad Ikmal,1,kalah mulu,2026-01-05 20:45:37,
Ki Ra,1,ga bisa login☹️,2026-01-05 20:45:14,
Habibie Lionel,1,bugnya benerin moonton servernya sering ngebug,2026-01-05 20:45:07,
Sa Boy,1,benerin sistem kon,2026-01-05 20:43:16,
Reli Oxy,1,"server lu benerin dongo, masa rank dapet tim troll, 2026 server malah makin amburadul",2026-01-05 20:40:36,
Junaenah Jun,4,saya suka game nya tapi player nya suka buat sakit hati contoh yatim 🙂,2026-01-05 20:39:30,
Ruswandi Aditia,1,jangan di download cape gw main dapat tim yang ga bener sedangkan musuhnya jago pokonya bikin frustasi ini sementara gw rating kalo sistemnya bener dapat musuh sama kawan nya bagus gw rating 5 bintang,2026-01-05 20:38:38,
Khaira Talita,1,"ini bikin saya turun rank,saya sangatlah kecewa dengan game ini.",2026-01-05 20:38:16,
RakhaSyailendra,1,game gajelas,2026-01-05 20:38:10,
Hery Febrianto,5,biasanya kalo gini hp nya panas tapi ga siapa sangka game bagus,2026-01-05 20:37:34,
Budi Setiawan,3,"game nya bagus tapi, agak aneh tau?",2026-01-05 20:37:09,
Sakha jidan Zakiya fatih aqila,3,Delay banget gamenya montooon tolonglahhhh!!! GERAMMNYAA AKUU! jaringan jelek DELAY lagi pas main :(,2026-01-05 20:36:23,"Halo Kak,
Kami mohon maaf atas pengalaman kurang menyenangkan yang terjadi.
Bisa bantu kami dengan mengirimkan screenshot atau detail lebih lanjut lewat CS in-game?
Ini sangat membantu kami memperbaiki permainan.
Terima kasih!

Tim MLBB"
Panji anggun Adi luhung,1,monton gak punya otak.dapat drak sistem terus kenapa akun ku ko bisa ganti nama,2026-01-05 20:36:22,
Virli,5,bagus,2026-01-05 20:36:11,
Fazri Rozy,1,jaringan lag parah,2026-01-05 20:34:59,
Dika Syabani,1,ngasih tim gak ngotak,2026-01-05 20:32:09,
Duwik Ardiansah,1,gg lu kalo ngasih tim jago jago,2026-01-05 20:31:59,
25-126 Hafis Zamarul Misbah,1,"game ngak jelas,dapat tim yang ngak seimbang Ama musuh masak tim musuh kompak timku anomali mohon diperbaiki sekali lagi yah aku mohon banget heyy timnya gak jelas banget hoi ya ampun sampai kapan aku kalah teruss woi maaf aku KECEWAAAAA AKUUUUU HAPUUSSSS GAMEE SAAMPAAAAHHHH INIIIIIII",2026-01-05 20:31:35,
Rellzyy Rellzyy22,1,game kaga adil mush dapet tim yang GG sedangkan gua dapat tim yang jelek,2026-01-05 20:31:20,
Mhmmd Indra,1,APLIKASI LAGGG/SAMPAHHH,2026-01-05 20:29:14,
Angga Prima,1,apa²an ini saya ga pernah ngechit atau pake aplikasi pihak ketiga tapi akun saya di ban,2026-01-05 20:28:53,
rizky mario,1,grafik burik tim tidak adil tidak seru membosankann,2026-01-05 20:28:48,
Dafa,4,game nya bagus cuma player nya tolol etot etot ada drack sistem mending donwload talking tomen jerry,2026-01-05 20:27:18,
uciha obito,1,gemnya jelek,2026-01-05 20:27:13,
Peli Nona,1,game nya banyak lag tidak cocok ketemu tim drak sistem mulu,2026-01-05 20:27:06,
Dadi Wahdiana,5,"sumpah game ini bagus banget sebenernya aku udh lama banget main dri 2029 tpi baru bisa ku rating skrng ini keren game nya makin lama makin seru dan bagus tpi kekurangan nya cuma 1,belum bisa mendukung semua perangkat jdi nya lag dan delay,ini asik bahkan ini satu² nya game yg bisa buat aku pensi game lain dan main game ini doang walaupun bikin stres dengan para dark system tpi aku masih setia main mlbb dri dlu sampai skrng,terima kasih moonton sudah membuat game moba seseru ini",2026-01-05 20:26:54,
Arifin Saputra,1,banyak setingan masak level rendah ketemunya sama level tinggi klo main solo renk knp klo rank bawah ketemunya sama rank yg tinggi klo bgini terus gk baik monton,2026-01-05 20:25:25,
Asraf Gunawan,1,"maaf anak saya bermain game ini dia kalah terus, dia sampe jadi ODGJ dia katanya udah ngegendong tapi tim sana musuhnya ga adil tolong di baca anak saya masuk rsj karena moonton",2026-01-05 20:25:05,
Myyytha,5,makasi moonton seru gamenya tolong kalau ada player yang pakai akun tamu dihapus dong datanya seperti kredit skor rank dan data-data yang lain nya juga bug kalau masih ada harus dihilangkan /bug fix.,2026-01-05 20:24:16,
Davidhutabarat4345,1,izin hapus karna gak ngerti lagi jaringan lancar tapi gak bisa gerak,2026-01-05 20:24:09,
Denis Am,5,gamenya bagus walau banyak orang kata kasar mohon orang berkata kasar di ban karena gk cuma dewasa saja yang mainin anak kecil pun banyak jadi mohon di ban orang yang berkata kasar gw muak banyak kali yang ngomong kasar,2026-01-05 20:22:53,
Andriawan19,5,menghibur disela cape dengan Derama,2026-01-05 20:22:24,
"2Baqir Mujaddid Tafkiril Wahyi Kartum, S.Pd.",1,"dibanding game sebelah grafis masih jelek tetep aja jumping ama ngelag ajig, engine lu upgrade monton.. game kikir dari taun ke taun bukanya makin bagus malah ke taee",2026-01-05 20:21:48,
Yashi star. Ch.,1,apalah njir dark sistem Mulu,2026-01-05 20:20:58,
Anas,1,"Jangan di dowload, terlau banyak Bot",2026-01-05 20:20:58,
Imas Salamah15,1,"geme pilih kasih, rusak , aneh bahkan masih banyak yang pake secrip ,bug walaupun lumayan seru gamenya!!!!!",2026-01-05 20:20:26,
Fatih Altan,1,kayak tai mikir kalo menang menang terus nonton tai2,2026-01-05 20:20:23,
Ainur Rizki,1,sering bgt lag padahal jaringan bagus,2026-01-05 20:20:14,
Muhammad Ridho Rido,5,game nya seru namun memilik banyak bug dan suka ada player menggunakan cheat tolong developer fiks bug and ban untuk pengguna cheat,2026-01-05 20:20:11,
Fakhri Andisna,1,match making nya benerinnya solo ya sama solo gausah temuin ama trio atau party,2026-01-05 20:19:51,
muzaky rendra,1,"najis game sebesar ini masi aja pingnya merah"" terus padahal season kemarin ping bagus bagus bagus aja mala bisa sampe 20ms season sekarang mala bad sampe 274 ms tolonglah servernya di benerin jangan cuma skin yang di banyakin itu servernya uda busuk sama system matchmaking juga tidak sesuai bertemu yang tidak sesuai dengan musuhnya",2026-01-05 20:19:49,"Halo Kak,
Kami berkomitmen untuk menciptakan lingkungan permainan yang adil.
Terima kasih atas dukungan Kakak yang terus-menerus!
Hubungi kami CS in-game dan berikan lebih banyak feedback agar kami bisa membantu secepatnya.

Tim MLBB"
Amir Mubtadi,1,plss lah kasih 5 kali menang aja cukup tapi malah di kasih kalah 14 sumpah gak boong,2026-01-05 20:19:45,
Muh.riffat Muammar,5,"saya suka game nya grafiknya bagus, dan game ini menghilang stres ( malah tambah stres ) , dan para pemainnya ramah",2026-01-05 20:19:35,
Muhammad Arif,5,bagus,2026-01-05 20:19:25,
Dava Dava Pratama,5,"game jelek, musuh di kasih tim bagus aku di kasih tim jelek",2026-01-05 20:18:54,
Nianty,5,game bisa dimainkan tanpa wifi,2026-01-05 20:18:50,
Den Uchiha,1,mending main epep daripada main ml,2026-01-05 20:18:31,
Gisella Novitasari,1,"KALAU NGASIH LANE YANG BENER LAH, BISA BISANYA GUA TIAP HARI MAIN MID PAS PARTY GILIRAN SOLO TIBA TIBA NGASIH JUNGLE, MANA DI BARENGIN SAMA YANG RANK EPIC",2026-01-05 20:18:15,
Arsa Maulana,1,game nya burik dan jelek,2026-01-05 20:18:12,
Suci Sucii,1,tolong ya monton servernya benerin masa tiap main ngelag Mulu padahal sinyal nya ijo,2026-01-05 20:17:42,
Dani Darusmansyah,5,Game moba terbaik seru bet pokoknya mantap mas muntun,2026-01-05 20:17:08,
husien z,1,Server rusak baik lagi jir jaringan ngelag parah apa coba,2026-01-05 20:16:13,
Nia Kurniati,1,Ngeleg mulu,2026-01-05 20:16:11,
rumah biu,1,jlk gamenya sush udh byk player ngetroll lgi moonton yg bnr lh dpt timnya jlk udh beban lgi lh orang lain dpt tim enak gj moonton pilih kasih hoooo😛🤪😡,2026-01-05 20:15:57,
Lucky Kirana,5,game bagusssss,2026-01-05 20:15:11,
Sri Nita,4,bagus grafiknya,2026-01-05 20:15:09,
Nastain Husaiman,1,game gaguna sistem rusak,2026-01-05 20:15:01,
Rudi Tabuti,1,"game rusak,jaringan w bagus.klo buat main rank pasti lag...game rusak",2026-01-05 20:14:25,"Halo Kak,
Maaf atas masalah jaringan yang Kakak hadapi.
Silakan coba ganti jaringan terlebih dahulu.
Feedback Kakak sangat berharga bagi kami.
Terima kasih atas kesabaran dan pengertiannya!

Tim MLBB"
Aldo Vero,5,i like it,2026-01-05 20:12:39,
Yudis Herdiansyah,1,"moonton tolong lah yang solo jangan di temuin sama yang trio apalagi sama yang party , yang bner ajah lah ketemu mulu draksistem tim gua , sedangkan lawan jago jago , sedangkan tim gua honor abadi",2026-01-05 20:12:16,
Sugiarto Sugoarto,5,seru tapi sering ketemu dark sistem sama mana susah banget lagi naik rank,2026-01-05 20:12:00,
Ratu Mutia,5,game nya bagus seru,2026-01-05 20:10:45,
Aswar setiawan,1,game tolol ini jaringan nya nga bagus banget padahal udah pake data,2026-01-05 20:10:21,
Rudiaprianto Rudiaprianto,1,Banyak dark system nya anjjjj,2026-01-05 20:08:52,
Saripah Vivo,5,seru banget,2026-01-05 20:07:35,
Nuraca isnan,5,aku kasih bintang lima gara-gara jarang menang,2026-01-05 20:06:05,
Rofi Fael,1,parah mact lancar dibase lag,2026-01-05 20:05:40,
Ressa Herlinay,1,tinggal dapat emosi doang main game ini,2026-01-05 20:05:04,
Alzena Dascha,1,lag banget perasaan wifi nya enak tapi ngelag muluh,2026-01-05 20:04:47,
Maul Hazwan,5,mantap gamenya seru walau pun engleg,2026-01-05 20:04:46,
Xyinken Xyinken,1,"game rusak gw di kasih tim bot dan lawan gw semuanya pada jago""",2026-01-05 20:03:51,
Fauza,1,game gak jelas . aku langganan starlight. gak menang. kalah terus . gila kalian ngasih tim robot yang lemah banget. musuh dikasih robot juga yang kuat gak masuk akal banget rank sampe turun gila aja kalian matchmaking begini ngeselin banget,2026-01-05 20:03:49,
Ilham ramadhan,1,"tolong moonton saya dari tadi wlwl,tolong di kasih ws sampai imo,sekian terimakasih",2026-01-05 20:02:38,
Yanti Yanti,1,"tolong di perbaiki sistem tim cocokan dengan kemampuan,sudah 2026 tolong di perbarui lagi secara detail,kendala ada di tim solo duo,sekali lagi tolong di perbaiki.",2026-01-05 20:02:01,
Rizki Fedriansyah,5,"Gamenya bagus dan seru jadi seneng ketika mainin nya. Player player nya juga ramah semua. Aku juga ketika main miya di jungle dapat pujian dari timku. Bahkan kalo lagi main solo suka dapet temen jago, contoh nya kaya: Saber roam. King dayrot. Nana full buil teng. Frangko demeg. Fany darat. Miya tiktok. Dan masih banyak lagi.. Pokonya ini game paling seru sedunia😊",2026-01-05 20:01:40,
Zahra Cmc,5,💪,2026-01-05 20:01:36,
"YAN,Z Brother",4,itu gua main knapa di kasih tim aneh mulu giliran musuh di kasih tim bagus cape ati gua bang cape gua main solo udh kek lawan onic aje gua main harus serius mulu cape bang kasih gua tim bagus napaa orang lain mulu yang di kasih tim bagus ni gua sebagai player solo cape ati nih kalo di giniin mulu,2026-01-05 19:59:51,
Geri Alpiansah,1,"game nya bagus tapi ngotak dikit, tim sendiri sama tim musuh ga sesuai, tim musuh jago tim saya ada yang baru main, ada yang ga sesuai sama role nya, itu aja sih pendapat saya kasih lah musuh yang seimbang",2026-01-05 19:59:25,
Hendrik Budiraharjo,5,tolong moonton hilangkan dark sistem / tim kagak bisa main yang benar,2026-01-05 19:58:46,
Bobi Satria,1,"ada yang setuju gak kalo main ml itu macht matching nya di beri musuh yang winret nya sepadan kayak 56% ketemu yang 58% itu masuk akal, gak 37% ketemunya 84% kan gila gak ngotak 😱😬😡😡🤬🤒🤒",2026-01-05 19:58:14,
Sky Scourge Invicil,1,"matchmaking g pernah adil ketemu trio, duo, setim, gua solo :) gmna cara gua menang?",2026-01-05 19:56:41,
Mursa Lim,5,mantap gem nya,2026-01-05 19:56:38,
Van Fauza,1,emang duo harus lawan trio sangat gak masuk akal,2026-01-05 19:56:14,
Mahesa Dilan,5,Luar binasa,2026-01-05 19:55:18,
Letti Maria Goretti,4,👍👍,2026-01-05 19:55:17,
Igfar Algifari,1,sering diberi tim TDK seimbang sering dapat tim bot musuh pro jadi tolong di seimbang ini geme rusak,2026-01-05 19:54:50,
muhammad riski akbar,1,ml ngentoddd,2026-01-05 19:54:40,
Muchammad Solihin,5,mantaps,2026-01-05 19:53:07,
Ahmaz,5,banyak orang yg egois saat bermain,2026-01-05 19:53:06,
petrus jr,1,"mampus gua kasih bintang 1, udh jangan download game ini gua lose streak dari legend 2 sampe legend 4 full emas, gausah di download game nya bisa bikin darah tinggi dan 1 lagi kalo gua win streak gua kasih bintang 5",2026-01-05 19:52:37,
James Simbolon,1,SISTEM ANEH... TIM SAYA 5 ORANG MYTUCH SEDANGKAN MUSUH 5 ORANG HONOR SEMUA.... GA ADIL BANGET....,2026-01-05 19:52:35,
cicik mirasari,2,soalnya di sistem matchmaking dipertemukan lawan yang tidak seimbang,2026-01-05 19:52:01,
Hendy Ahen,3,ngelegg montonnnnnnnnnnnnnnnnnnn🙏,2026-01-05 19:51:54,
op po,5,gem nya bagus mantap,2026-01-05 19:51:24,
Dias Muhammad,5,bagus sekali,2026-01-05 19:51:01,
Lovemyself,5,"kok sekarang lag2 ya, tolong moonton",2026-01-05 19:50:12,
Revvzz.,2,"CPET JAWAB DENGAN UP VIDEO TERBARU WOY MOONTON, katanya soulvessel gabakal ada luckybox nya gw mau kagura soalnya, trus juga katanya luckybox kagura juga gaada di box m7,, jdi kaguraanya bakal ada dimana woyy??",2026-01-05 19:49:21,
Muh RaafiAlfarizi,1,moonton kenepa gw dikasi dark sistem Mulu tun sebenar nya ni game bagu tapi gw muak di kasi dark sistem Mulu tun,2026-01-05 19:48:13,
Maja Resan,1,"kebanyakan dikasih tim bot dan troll nya... dan sengaja di kembang biakan oleh moonton, gak ada solusi. percuma komen gak ada perbaikan dari pihak moonton",2026-01-05 19:48:12,
Saedah Saedah1,5,menyenang kan tidak bisa bosen,2026-01-05 19:47:52,
Karissa Risqi rihani,2,"YANG BENER AJA LAH KALO NGASIH TIM, MIKIRRRRRRRR",2026-01-05 19:47:50,
Wiwit Setyowati,1,tim nya tolol,2026-01-05 19:47:44,
Shrull Gunawan,1,game tlol,2026-01-05 19:47:38,
Lindsay Roman,1,perbaiki jaringan lu,2026-01-05 19:46:55,
Lil Cris,5,game nya keren banget,2026-01-05 19:46:21,
Gage Conway,1,game cacat loba darksistem hayoh we pake hanabi jeng hanabi,2026-01-05 19:46:21,
Revan Evan,5,game nya sih bagus tapi sinyal tu benerin kocak😌,2026-01-05 19:45:57,
Jiyem Vivo,4,bagus daripada ff tai,2026-01-05 19:45:38,
Septian Dwi saputra,1,"moonton bangke orang yang ngetroll gw yang kena hukuman,main malah ketemu gm hobi maling jungle. saran:dibikin yang bisa ngambil jungle yang retri aja.",2026-01-05 19:44:39,
Cinta Welkis,4,permainan ini sangat bagus aku suka,2026-01-05 19:42:59,
Hiday Rahman,5,gem Ter baik di dunianya,2026-01-05 19:42:33,
padil 1507,5,madep lah,2026-01-05 19:41:11,
ruben siburian,1,keseimbangan matching gapernah ngorat,2026-01-05 19:41:06,
firda nurcahya,4,permainan nya cukup bagus juga ya,2026-01-05 19:41:05,
muhammadivan renaldi04,1,game kalah menang aja ini dapat mm pilihan moonton terbaik jago nya melebihi proplayer dah ini game,2026-01-05 19:39:12,
Galvo Whibley,1,game burik. skin harga selangit tapi efek b aja. ketemu musuh cuma dalam negri tp pake embel embel GLOBAL,2026-01-05 19:38:33,
Arafah Diko,4,sangat bagus,2026-01-05 19:38:29,
Denny As,1,sinyal bagus tp pas main bisa ngeleg n seperti nya udh di atur nggak akan menang walaupun dapat team bagus n udh sy coba.... pemain solo lawan nya yg satu tempat duduk.... tambah gila nya....,2026-01-05 19:37:47,
Riza Fauzan,1,banyak darksistem,2026-01-05 19:36:44,
Paidi Idi,5,saya kasih bintang 5 kalo saya menang sampai imo bintang 4000,2026-01-05 19:36:31,
Yulia Amelia,1,"tim yang gak seimbang lo kasih musuh 3 orang imoo, glory sedangkan tim ku?!!!! kamu kasih honor, legend, epic, jangan bilang lo kasih bot lagi di tim ku?! wah parah lo moonton",2026-01-05 19:36:30,
Maulana Angga,1,JANGAN download apk ini penipuan macth tidak sesuai level akun dan tingkat rank kita d kasih tim lagend lawan nya mytic semua akun kita juga akan di tandai jika main solo rank agar sering kalah dan dapat tim tidak sesuai,2026-01-05 19:35:40,
Jarvis 00,1,game ampas pembagian tim buruk,2026-01-05 19:34:37,
rifaldi Aj,1,game jelek masah setiap main lah gua main game lain ga leg kalo main game haram 1 ini malah lag udah main 20 pertandingan menang nya cuman 6 kalah nya 14 gajelas ini game perbaiki game ini monton kalo ga di perbaiki gimana mau saingan sama game lain,2026-01-05 19:34:00,
Gprdebus Xz,5,jos jis moonton gem apek,2026-01-05 19:33:49,
Pauzan,5,games bagus,2026-01-05 19:33:32,
KHOIR DNSS_,5,good game,2026-01-05 19:33:18,
Rafi rakha Pratama,5,game taekkkkk,2026-01-05 19:32:49,
Adzriel Rizky Ananda,5,Banyak skin gratis nya akhir akhir ini 😁,2026-01-05 19:32:12,
Nadhif Ramadhan,2,sistem matchmakingnya jelek.,2026-01-05 19:32:07,
Naren gaming,5,I like ML harus bikin yg versi lite kasian yg hp kentang,2026-01-05 19:31:53,
Ai Rohaeni,5,game nyaa bagus,2026-01-05 19:31:19,
AHMAD ABDUL AZIZ,1,"tolong perbaiki sistem tim nya, player solo bisa ketemu trio, dark sistem bikin tim ga adil moonton, gmn sih ngasi tim nya gaberes",2026-01-05 19:29:47,
RASYA AHSAN123,1,kocak kocak main ga pernah ketemu tim yang bagus ketemu tim yang ampas mulu benerin lah matchmaking nya lawan ex glory dapet tim mentok epic oy monton cepet lah benerin matchmaking nya,2026-01-05 19:29:05,
Anty Efendi,5,bagus salah satu game paling ku suka,2026-01-05 19:29:03,
Wetewete 1606,5,karna bagus bagi saya,2026-01-05 19:27:06,
Renggga Afriansyah,1,Hahahha hpus ml sakit kepala main nya solo masih di kasih lwn Mabar aneh,2026-01-05 19:25:23,"Halo Kak,
Kami mohon maaf atas pengalaman kurang menyenangkan yang terjadi.
Bisa bantu kami dengan mengirimkan screenshot atau detail lebih lanjut lewat CS in-game?
Ini sangat membantu kami memperbaiki permainan.
Terima kasih!

Tim MLBB"
Saeful Mazid,1,"game ga wajar lagnya, padahal sinyal bagus,trs pas ganti game lain jaringannya bagus, ini mohon di perbaiki masalahnya,jangan skin mulu yg diprioritaskan,perbaiki masalahnya dulu,baru skin,saya kasih bintang 3 dulu,kalo udah bener saya kasih bintang 5,dah itu aja. edit: gajadi bintang 5 bintang 1 aja",2026-01-05 19:25:18,
Itel Sdualima,1,game elit bug sama koneksi jaringan saat bermain sangat buruk di sayangkan untuk di download,2026-01-05 19:24:32,
Agus Riawan,5,"seru game nya jadi banyak kenalan karna berteman,tapi inget kalau udh main game ini tetep dijaga sholat nya guuuuysss, thanks moonton",2026-01-05 19:24:18,
jeri ya ada apa?,1,monyet benerin jaringn merah merah mulu abis update bukan nya bagus malah nambah bug kalo gini main epep aja bikin stres aja,2026-01-05 19:24:13,
Sandy Permana,1,makin di update makin parah pake jaringan apapun tetap ngelag padahal main game yang lain normal lama lama gua hapus nih. game ML kalo gak di benerin,2026-01-05 19:23:59,
Deny Denyprasetio,1,game nya udah bagus tapi gue mai selalu di kasih tim jelek terus sama musuh yang pada jago,2026-01-05 19:23:57,
KANEKI KEN,1,"sistem pencarian pertandingan yg tidak seimbang .. solo ketemu musuh party 3 .. solo ketemu musuh party 5 .. bisa juga solo ketemu musuh party 2 2 1 .. sellu sibuk update skin Mulu,",2026-01-05 19:23:44,
Fadly Nugraha,1,kenapa setiap masuk ke mobilegends tdak mendapatkan jaringan padahal ada jaringan wifi lohh game gajelas Tolong dong developer di perbaiki hal beginian Masalah Bug cheat cepet di perbaiki giliran hal beginian lama di perbaiki nya Tolong dong kami sebagai player merasa kecewa atas developer game ini,2026-01-05 19:22:42,
Bagus Hack,1,tolong di benerin lagi saya saat main ga bisa bergerak padahal wifi gua lancar pas buka tiktok lancar pas main ml Mala ngeleg,2026-01-05 19:21:35,
Redmi Iqbal,1,"saya kasih bintang 1 karena beberapa alasan, 1 kok pas main bisa ngelag parah padahal wifi/jaringannya bagus TPI ngapa bisa ngeleg separah itu, 2 kalau ngasih tim itu yang bagus lah, masa udah 5× main lose Mulu mana main rank lagi, kalau ngasih tim itu yg adil lah, Semoga kedepannya lebih baik lagi, terimakasih!!.",2026-01-05 19:20:15,
Challenge,5,ya seru lah,2026-01-05 19:19:53,
MANGYONOcom Aviary,1,gamenya basus,2026-01-05 19:19:46,
Kiki Dian,1,saya kalah terus,2026-01-05 19:19:17,
Purnama Panjaitan,5,game rusak akun saya hilang tapi cs moonton tidakk dapat mengembalikan nya padahal karna keamanan akun yang tersimpan di dalam game ini jujur saya kecewa karna akun yang sudah saya rawat selamat 4 tahun hilang begitu saja semoga masalah ini bisa diatasi dengan baik oleh moonton,2026-01-05 19:19:15,
Ginting Ginting,1,sangat buruk selalu ngelek pokoknya mengecewakan sekali gaem ini,2026-01-05 19:18:47,
Azzuhra Latifha,4,game nya enak mantap bagus,2026-01-05 19:18:10,
King Firli,1,di kasi tim darak sistem gem gada guna lah,2026-01-05 19:17:55,
BJIR,1,lu bikin gw kalah mulu,2026-01-05 19:16:16,
Rafa Husaini,2,"Bot MLBB sekarang rasanya cuma numpang isi slot tim. Ga adaptif, ga ngerti tempo game, dan sering jadi feeder halus. Ranked jadi ga kompetitif karena hasil match kadang ditentuin sama bot, bukan skill player.",2026-01-05 19:15:09,
Fauzan Cikeuah,5,bukan seru lagi bikin nagih,2026-01-05 19:15:08,
Gilangmp Gilang,5,seru,2026-01-05 19:15:00,
Isel Nuraira,5,"bagusss bangettt gamenyaaa asikk gaa bosennn bosennn, wajib kalian download.. game ramah iniii...asikkk bangettt ckkkkk",2026-01-05 19:14:46,
Solikin Aqilaa,5,Permainan ini bikin saya ceria yang mau nya saya tadi nangis sekarang udah tidak karena mobile legends😻,2026-01-05 19:14:28,
Hendri Setiawan,1,"game ini makin parah matchmakingnya,, naik turun epik -legend sampai 5 kali,, season terburuk ,, buat kalian mending hapus game ini daripada kalian setress, dan hidup kalian akan jauh lebih berguna dari pda nurutin @Moonton",2026-01-05 19:14:23,
Pringga Ependi,1,JANGAN DOWNLOAD GEME SAMPAH,2026-01-05 19:14:14,
Garry Akbar,1,moontoon kikir masa dm gw di korup padahal gw beli wdp ko ga ada diamond hariannya itu bug atau kikir ajn?,2026-01-05 19:13:49,
Rauf Wahyu Pratama,1,kalah mulu main solo kayak berasa main di imo apa apaan dah nu game tim di kasih penghuni asli lawan di kasih penghuni glory (main awal season) game apa si jnj mancing darah tinggi,2026-01-05 19:13:21,
Brian Andika,5,kadang bagus tapi kalo kalah ngeselin banget,2026-01-05 19:12:44,
Pandora A'ctors,1,Halo Moonton tolong CS yang di dalam game di benar kan saya dah mengubungi CS tenatang pemulihan akun verivikasi gagal terus. akun saya dah hilang selama seminggu,2026-01-05 19:12:20,
fa qeh,5,sistemny benerin ah cape kali aku bah maen ni game gila aku lama lama aseli,2026-01-05 19:12:08,
Firman Fajar septiawan,3,"gamenya bagus grafiknya juga bagus tapi yg buruk itu playernya, musuh rank nya pada tinggi,jago dan kalo tim rank rendah main noob gitu aku harap kedepannya match nya adil rank musuh sama tim sama udah si itu aja",2026-01-05 19:11:52,
Abi Manyu,4,game nya bagus minus e banyak dark sistem,2026-01-05 19:11:05,
Fauzann Muhammad,2,"sekarang hp 6/128 ngelek bngt, tlong monton jangan pedulikan hp bagus, pedulikan juga hp kentang kak",2026-01-05 19:09:03,
Indira Athifa Ramadhani,1,ngasih tim gaadil bet,2026-01-05 19:08:50,
kelvin Adzano,5,game nya baguss banget bikin kecanduan btw kalo akun kalian gk bisa masuk laporin aja ke muntun,2026-01-05 19:08:17,
HEXCON HEX,1,"hell yeah, sistem bug. ketika matchmaking sudah berhasil di temukan namun tidak masuk ke dalam matchmaking, hat tersebut sudah terjadi 3 kali berturut-turut pada akun saya yang menyebabkan pengurangan kredit skor dari 110 menjadi 107 dan yang terakhir 106. karena dirasa bug ini cukup mengganggu dan biasanya (tidak ada) dapat di atasi dengan relog namun ini tidak bisa. apalah benerin dulu sistem udah mah matchmaking teman ampas mau mulai math di persulit, kasihan player all role atau roam tank.",2026-01-05 19:07:37,
Fauzan Mamada,5,mantap event nya seru,2026-01-05 19:05:59,
Siti Nur Padilah,4,"gada suaranya, sama nunggu unduhannya lama banget",2026-01-05 19:05:29,
Herorihantandi 19,1,TIM YANG GUA DAPAT POKE SEMUA banyak drama lag padahal bar sinyal gw penuh musuhnya jago tim gw ampas S39 season tersampah,2026-01-05 19:04:29,
Bintang Mirza Shalfitra,1,saya sudah top up dan pembayaran berhasil tapi weekly top up nya ga masuk,2026-01-05 19:04:17,
KIANDA akun hilang,1,"MOHON YEH, TIM GW JELEK JELEK SEMUA, GILIRAN MUSUH PADA TOP GLOBAL, MATCH NYA BIKIN SEPADAN LAH, JANGAN TIM MUSUH DOANG YANG BAGUS. IZINNNNNNNN NI YEE",2026-01-05 19:03:19,
Anita Nurul Khasanah,5,"bagus sihh tpi kehilangan akun gampang kli, cape top up bnya' eh akun hilang di hack",2026-01-05 19:02:56,
MINARNI,1,game gak ngotak kasi lawan yg jago jago,2026-01-05 18:59:01,
REXZ Editz,1,game montoon nya rusak kadang servernya ngelag padahal sinyal bagus bagus aja kalau ngasih tim main nya dark sistem musuhnya jago ga ngotak montoon,2026-01-05 18:58:33,
Azka Azka,1,game nya banyak dark sistem yang,2026-01-05 18:58:05,
Sunaring Pangastuti,5,"Sudah lama ga main, ah..",2026-01-05 18:57:34,
Azhar Redmi,2,"game buruk, sistem matchmaking tidak adil, orang lain ditemuin tim yang jago sedangkan saya mendapatkan tim dark system, hingga saya mendapat coklat karna saya belum late game, dan juga saber roam yang menyebalkan, tolong agar saber tidak bisa dipakai di roam.",2026-01-05 18:57:18,
Edy Suprian,1,game rusak,2026-01-05 18:57:14,
Fahry Man,5,wah game sebelah bagus juga salam dari ff😁,2026-01-05 18:56:27,
Hafid Kafa,2,kagak ada apa apa akun ku kena ban jangan di download,2026-01-05 18:55:47,
Daffa Agastya,1,"saya membeli dm di dalam apk ML nya langsung tetapi dm tidak masuk ke akun saya, gimana ini untuk solusinya moonton ? untuk pembayaran saya menggunakan Qris dengan harga Rp.83.250 ,saya merasa di rugikan akan hal ini, tolong pertanggung jawaban nya 🙏🏻",2026-01-05 18:55:33,
Ace Suryana,5,pertandingan yg sngt bgus tiap main KLH terusssssss,2026-01-05 18:55:27,
M. Dimas akbar,3,terlalu bnyk ketemu team gak bisa main ( ke komputer) padahal pangkat udah tinggi masih saja sama kurangin dong player² yyang begini males jadinya main,2026-01-05 18:55:10,
Angga,1,Karena keseimbangan matcking gak bener dapet tim beban trol bikin strees ni gem,2026-01-05 18:55:04,
Nurnia Siati,4,karna ada yang kurang yaitu item aku bosen item itu bisa ganti kalo gak di ganti aku bakal kasih rating 1,2026-01-05 18:52:50,
mam mum,5,"moonton tolong dibenarkan tuh yg stuck loadingnya 30% mulu, mana masuk ke in game 1 menit lebih lagi,tolong dibenerin yg stuck 30% pas mau masuk in gane itu moonton 🙏",2026-01-05 18:52:32,
Ade Gunawan,2,"game GG aneh solo rank jadi susah banget menang nya , dan kenapa mesti ada bot setiap game makin kesini makin sulit solo rank",2026-01-05 18:50:55,
Adi Kresna,3,"saya tidak bisa masuk pertandingan, dan kredit skor saya terus dikurangi. tolong segera di fix,",2026-01-05 18:50:53,
Louis Enrique lyantan,1,game bikin emosi dapat tim ngeyel,2026-01-05 18:50:38,
Royanti Ginting,1,"aku malas mainkan game ini,setiap aku main selalu ketemu drak system,dan GK pernah dapat skin yg bagus aku akan hapus game ini",2026-01-05 18:50:37,
Daut Llg,4,game seru walaupun bikin omongan saya kasar tetapi ini game buat kecanduan mabar,2026-01-05 18:50:18,
Agus Dika,1,Game asu ngelag terus gangguan dari sana nya jangan di download game ini,2026-01-05 18:50:09,
Risky Irawan,5,seru banget pokoknya,2026-01-05 18:49:20,
Alfan Darmawan,1,matchmaking nya sampah sekarang cuih,2026-01-05 18:48:38,
Adelia Putri Hujianto,1,akun saya hilang,2026-01-05 18:48:21,
